BEGIN TRANSACTION;
CREATE TABLE IF NOT EXISTS "django_migrations" (
    "id" SERIAL PRIMARY KEY, "app" varchar(255) NOT NULL, "name" varchar(255) NOT NULL, "applied" timestamp NOT NULL);
INSERT INTO django_migrations VALUES(1,'contenttypes','0001_initial','2023-11-22 03:00:44.029807');
INSERT INTO django_migrations VALUES(2,'auth','0001_initial','2023-11-22 03:00:44.051074');
INSERT INTO django_migrations VALUES(3,'admin','0001_initial','2023-11-22 03:00:44.056583');
INSERT INTO django_migrations VALUES(4,'admin','0002_logentry_remove_auto_add','2023-11-22 03:00:44.064094');
INSERT INTO django_migrations VALUES(5,'admin','0003_logentry_add_action_flag_choices','2023-11-22 03:00:44.068094');
INSERT INTO django_migrations VALUES(6,'contenttypes','0002_remove_content_type_name','2023-11-22 03:00:44.078607');
INSERT INTO django_migrations VALUES(7,'auth','0002_alter_permission_name_max_length','2023-11-22 03:00:44.087713');
INSERT INTO django_migrations VALUES(8,'auth','0003_alter_user_email_max_length','2023-11-22 03:00:44.094872');
INSERT INTO django_migrations VALUES(9,'auth','0004_alter_user_username_opts','2023-11-22 03:00:44.099874');
INSERT INTO django_migrations VALUES(10,'auth','0005_alter_user_last_login_null','2023-11-22 03:00:44.106114');
INSERT INTO django_migrations VALUES(11,'auth','0006_require_contenttypes_0002','2023-11-22 03:00:44.107117');
INSERT INTO django_migrations VALUES(12,'auth','0007_alter_validators_add_error_messages','2023-11-22 03:00:44.111634');
INSERT INTO django_migrations VALUES(13,'auth','0008_alter_user_username_max_length','2023-11-22 03:00:44.117631');
INSERT INTO django_migrations VALUES(14,'auth','0009_alter_user_last_name_max_length','2023-11-22 03:00:44.123815');
INSERT INTO django_migrations VALUES(15,'auth','0010_alter_group_name_max_length','2023-11-22 03:00:44.129813');
INSERT INTO django_migrations VALUES(16,'auth','0011_update_proxy_permissions','2023-11-22 03:00:44.133993');
INSERT INTO django_migrations VALUES(17,'auth','0012_alter_user_first_name_max_length','2023-11-22 03:00:44.141011');
INSERT INTO django_migrations VALUES(18,'catalog','0001_initial','2023-11-22 03:00:44.149025');
INSERT INTO django_migrations VALUES(19,'sessions','0001_initial','2023-11-22 03:00:44.152536');
INSERT INTO django_migrations VALUES(20,'catalog','0002_card','2023-12-05 01:27:29.189346');
INSERT INTO django_migrations VALUES(21,'catalog','0003_card_carid','2023-12-05 01:35:03.316361');
CREATE TABLE IF NOT EXISTS "auth_group" (
    "id" SERIAL PRIMARY KEY,"name" varchar(150) NOT NULL UNIQUE);
CREATE TABLE IF NOT EXISTS "django_content_type" (
    "id" SERIAL PRIMARY KEY,"app_label" varchar(100) NOT NULL, "model" varchar(100) NOT NULL);
CREATE TABLE IF NOT EXISTS "auth_permission" (
    "id" SERIAL PRIMARY KEY, "content_type_id" integer NOT NULL REFERENCES "django_content_type" ("id") DEFERRABLE INITIALLY DEFERRED, "codename" varchar(100) NOT NULL, "name" varchar(255) NOT NULL);
CREATE TABLE IF NOT EXISTS "auth_group_permissions" (
    "id" SERIAL PRIMARY KEY,"group_id" integer NOT NULL REFERENCES "auth_group" ("id") DEFERRABLE INITIALLY DEFERRED, "permission_id" integer NOT NULL REFERENCES "auth_permission" ("id") DEFERRABLE INITIALLY DEFERRED);
CREATE TABLE IF NOT EXISTS "auth_user" (
    "id" SERIAL PRIMARY KEY, "password" varchar(128) NOT NULL, "last_login" timestamp NULL, "is_superuser" bool NOT NULL, "username" varchar(150) NOT NULL UNIQUE, "last_name" varchar(150) NOT NULL, "email" varchar(254) NOT NULL, "is_staff" bool NOT NULL, "is_active" bool NOT NULL, "date_joined" timestamp NOT NULL, "first_name" varchar(150) NOT NULL);
CREATE TABLE IF NOT EXISTS "auth_user_groups" (
    "id" SERIAL PRIMARY KEY,"user_id" integer NOT NULL REFERENCES "auth_user" ("id") DEFERRABLE INITIALLY DEFERRED, "group_id" integer NOT NULL REFERENCES "auth_group" ("id") DEFERRABLE INITIALLY DEFERRED);
CREATE TABLE IF NOT EXISTS "auth_user_user_permissions" (
    "id" SERIAL PRIMARY KEY,"user_id" integer NOT NULL REFERENCES "auth_user" ("id") DEFERRABLE INITIALLY DEFERRED, "permission_id" integer NOT NULL REFERENCES "auth_permission" ("id") DEFERRABLE INITIALLY DEFERRED);
CREATE TABLE IF NOT EXISTS "django_admin_log" (
    "id" SERIAL PRIMARY KEY, "object_id" text NULL, "object_repr" varchar(200) NOT NULL, "action_flag" smallint  NOT NULL CHECK ("action_flag" >= 0), "change_message" text NOT NULL, "content_type_id" integer NULL REFERENCES "django_content_type" ("id") DEFERRABLE INITIALLY DEFERRED, "user_id" integer NOT NULL REFERENCES "auth_user" ("id") DEFERRABLE INITIALLY DEFERRED, "action_time" timestamp NOT NULL);
INSERT INTO django_content_type VALUES(1,'catalog','idioma');
INSERT INTO django_content_type VALUES(2,'catalog','images');
INSERT INTO django_content_type VALUES(3,'catalog','moneda');
INSERT INTO django_content_type VALUES(4,'catalog','type');
INSERT INTO django_content_type VALUES(5,'catalog','producto');
INSERT INTO django_content_type VALUES(6,'admin','logentry');
INSERT INTO django_content_type VALUES(7,'auth','permission');
INSERT INTO django_content_type VALUES(8,'auth','group');
INSERT INTO django_content_type VALUES(9,'auth','user');
INSERT INTO django_content_type VALUES(10,'contenttypes','contenttype');
INSERT INTO django_content_type VALUES(11,'sessions','session');
INSERT INTO django_content_type VALUES(12,'catalog','card');
INSERT INTO auth_permission VALUES(1,1,'add_idioma','Can add idioma');
INSERT INTO auth_permission VALUES(2,1,'change_idioma','Can change idioma');
INSERT INTO auth_permission VALUES(3,1,'delete_idioma','Can delete idioma');
INSERT INTO auth_permission VALUES(4,1,'view_idioma','Can view idioma');
INSERT INTO auth_permission VALUES(5,2,'add_images','Can add images');
INSERT INTO auth_permission VALUES(6,2,'change_images','Can change images');
INSERT INTO auth_permission VALUES(7,2,'delete_images','Can delete images');
INSERT INTO auth_permission VALUES(8,2,'view_images','Can view images');
INSERT INTO auth_permission VALUES(9,3,'add_moneda','Can add moneda');
INSERT INTO auth_permission VALUES(10,3,'change_moneda','Can change moneda');
INSERT INTO auth_permission VALUES(11,3,'delete_moneda','Can delete moneda');
INSERT INTO auth_permission VALUES(12,3,'view_moneda','Can view moneda');
INSERT INTO auth_permission VALUES(13,4,'add_type','Can add type');
INSERT INTO auth_permission VALUES(14,4,'change_type','Can change type');
INSERT INTO auth_permission VALUES(15,4,'delete_type','Can delete type');
INSERT INTO auth_permission VALUES(16,4,'view_type','Can view type');
INSERT INTO auth_permission VALUES(17,5,'add_producto','Can add producto');
INSERT INTO auth_permission VALUES(18,5,'change_producto','Can change producto');
INSERT INTO auth_permission VALUES(19,5,'delete_producto','Can delete producto');
INSERT INTO auth_permission VALUES(20,5,'view_producto','Can view producto');
INSERT INTO auth_permission VALUES(21,6,'add_logentry','Can add log entry');
INSERT INTO auth_permission VALUES(22,6,'change_logentry','Can change log entry');
INSERT INTO auth_permission VALUES(23,6,'delete_logentry','Can delete log entry');
INSERT INTO auth_permission VALUES(24,6,'view_logentry','Can view log entry');
INSERT INTO auth_permission VALUES(25,7,'add_permission','Can add permission');
INSERT INTO auth_permission VALUES(26,7,'change_permission','Can change permission');
INSERT INTO auth_permission VALUES(27,7,'delete_permission','Can delete permission');
INSERT INTO auth_permission VALUES(28,7,'view_permission','Can view permission');
INSERT INTO auth_permission VALUES(29,8,'add_group','Can add group');
INSERT INTO auth_permission VALUES(30,8,'change_group','Can change group');
INSERT INTO auth_permission VALUES(31,8,'delete_group','Can delete group');
INSERT INTO auth_permission VALUES(32,8,'view_group','Can view group');
INSERT INTO auth_permission VALUES(33,9,'add_user','Can add user');
INSERT INTO auth_permission VALUES(34,9,'change_user','Can change user');
INSERT INTO auth_permission VALUES(35,9,'delete_user','Can delete user');
INSERT INTO auth_permission VALUES(36,9,'view_user','Can view user');
INSERT INTO auth_permission VALUES(37,10,'add_contenttype','Can add content type');
INSERT INTO auth_permission VALUES(38,10,'change_contenttype','Can change content type');
INSERT INTO auth_permission VALUES(39,10,'delete_contenttype','Can delete content type');
INSERT INTO auth_permission VALUES(40,10,'view_contenttype','Can view content type');
INSERT INTO auth_permission VALUES(41,11,'add_session','Can add session');
INSERT INTO auth_permission VALUES(42,11,'change_session','Can change session');
INSERT INTO auth_permission VALUES(43,11,'delete_session','Can delete session');
INSERT INTO auth_permission VALUES(44,11,'view_session','Can view session');
INSERT INTO auth_permission VALUES(45,12,'add_card','Can add card');
INSERT INTO auth_permission VALUES(46,12,'change_card','Can change card');
INSERT INTO auth_permission VALUES(47,12,'delete_card','Can delete card');
INSERT INTO auth_permission VALUES(48,12,'view_card','Can view card');
CREATE TABLE IF NOT EXISTS "catalog_idioma" (
    "id" SERIAL PRIMARY KEY, "idioma" varchar(20) NOT NULL);
INSERT INTO catalog_idioma VALUES(1,'INGLES');
INSERT INTO catalog_idioma VALUES(2,'JAPONES');
CREATE TABLE IF NOT EXISTS "catalog_images" (
    "id" SERIAL PRIMARY KEY,"image" text NOT NULL);
INSERT INTO catalog_images VALUES(1,'https://m.media-amazon.com/images/I/612Tn48L90L._AC_SL1200_.jpg');
INSERT INTO catalog_images VALUES(2,'https://m.media-amazon.com/images/I/611-iR6cfpL._AC_SL1200_.jpg');
INSERT INTO catalog_images VALUES(3,'https://m.media-amazon.com/images/I/61Ztrh6aFuL._AC_SL1200_.jpg');
INSERT INTO catalog_images VALUES(4,'https://m.media-amazon.com/images/I/71ksCUbPIuL._AC_SL1200_.jpg');
INSERT INTO catalog_images VALUES(5,'https://m.media-amazon.com/images/I/81UG8MAcmeL._AC_SL1500_.jpg');
INSERT INTO catalog_images VALUES(6,'https://m.media-amazon.com/images/I/61w12MF71yL._AC_SL1000_.jpg');
INSERT INTO catalog_images VALUES(7,'https://m.media-amazon.com/images/I/715t8fd83LL._AC_SL1500_.jpg');
INSERT INTO catalog_images VALUES(8,'https://m.media-amazon.com/images/I/81fNYpxI1pL._AC_SL1500_.jpg');
INSERT INTO catalog_images VALUES(9,'https://m.media-amazon.com/images/I/81muMg7eGeL._AC_SL1500_.jpg');
INSERT INTO catalog_images VALUES(10,'https://m.media-amazon.com/images/I/81ZIvaR-uPL._AC_SL1500_.jpg');
INSERT INTO catalog_images VALUES(11,'https://m.media-amazon.com/images/I/718n-IGcYdL._AC_SL1500_.jpg');
INSERT INTO catalog_images VALUES(12,'https://m.media-amazon.com/images/I/81qcks9pL4L._AC_SL1500_.jpg');
INSERT INTO catalog_images VALUES(13,'https://m.media-amazon.com/images/I/91E45IrnyDL._AC_SL1500_.jpg');
INSERT INTO catalog_images VALUES(14,'https://m.media-amazon.com/images/I/81pEhtjSSVL._AC_SL1500_.jpg');
INSERT INTO catalog_images VALUES(15,'https://m.media-amazon.com/images/I/91Agw8ffdUL._AC_SL1500_.jpg');
INSERT INTO catalog_images VALUES(16,'https://carduniverse.cl/cdn/shop/files/DoublePackSetVol.3_DP-03_2_600x.png?v=1698620478');
INSERT INTO catalog_images VALUES(17,'https://carduniverse.cl/cdn/shop/files/WingsoftheCaptainpng_600x.png?v=1698620241');
INSERT INTO catalog_images VALUES(18,'https://m.media-amazon.com/images/I/61AZext6huL._AC_.jpg');
INSERT INTO catalog_images VALUES(19,'https://m.media-amazon.com/images/I/61UwkNeROvL._AC_SL1200_.jpg');
INSERT INTO catalog_images VALUES(20,'https://m.media-amazon.com/images/I/61SgFEw2SUL._AC_.jpg');
INSERT INTO catalog_images VALUES(21,'https://m.media-amazon.com/images/I/71qvgIHlPcL._AC_SL1500_.jpg');
INSERT INTO catalog_images VALUES(22,'https://m.media-amazon.com/images/I/51G78ZwYgFL._AC_.jpg');
INSERT INTO catalog_images VALUES(23,'https://m.media-amazon.com/images/I/61MdqVLDEdL._AC_SL1309_.jpg');
INSERT INTO catalog_images VALUES(24,'https://progaming.cl/wp-content/uploads/2023/09/one-piece-1-1bedba2c-0b01-4660-8f88-f4c26374cb85.jpg');
INSERT INTO catalog_images VALUES(25,'https://dojiw2m9tvv09.cloudfront.net/29535/product/X_display-op0470111804.jpg?57&time=1700761976.jpg');
INSERT INTO catalog_images VALUES(26,'https://m.media-amazon.com/images/I/81wCOj9DDTL._AC_SL1500_.jpg');
INSERT INTO catalog_images VALUES(27,'https://m.media-amazon.com/images/I/61jYkdLhbQL._AC_.jpg');
INSERT INTO catalog_images VALUES(28,'https://dojiw2m9tvv09.cloudfront.net/18085/product/X_14990400-81150970565977394773.jpg?71&time=1700763813.jpg');
INSERT INTO catalog_images VALUES(29,'https://m.media-amazon.com/images/I/6117+q-UiiL._AC_.jpg');
INSERT INTO catalog_images VALUES(30,'https://m.media-amazon.com/images/I/61gxrFF2pEL._AC_SL1000_.jpg');
INSERT INTO catalog_images VALUES(31,'https://m.media-amazon.com/images/I/719F3KumP6L._AC_SL1043_.jpg');
INSERT INTO catalog_images VALUES(32,'https://m.media-amazon.com/images/I/51YuHjfcYlL._AC_.jpg');
INSERT INTO catalog_images VALUES(33,'https://m.media-amazon.com/images/W/MEDIAX_792452-T1/images/I/515pyPvTTBL._AC_.jpg');
INSERT INTO catalog_images VALUES(34,'https://c1-ebgames.eb-cdn.com.au/merchandising/images/packshots/8ce1af3a5f3140d3a1f72afe60d45a23_Original.png');
INSERT INTO catalog_images VALUES(35,'https://c1-ebgames.eb-cdn.com.au/merchandising/images/packshots/443994d896974811800e821e5d6666d3_Original.jpg');
INSERT INTO catalog_images VALUES(36,'https://www.nakamagames.com/3408-large_default/double-pack-set-vol4-dp-04-one-piece-card-game.jpg');
INSERT INTO catalog_images VALUES(37,'https://hobbygamesbg.com/userfiles/productlargeimages/product_46323.jpg');
INSERT INTO catalog_images VALUES(38,'https://oupi.eu/14076-large_default/display-op-07-booster-box-one-piece-card-game.jpg');
CREATE TABLE IF NOT EXISTS "catalog_moneda" (
    "id" SERIAL PRIMARY KEY, "moneda" varchar(20) NOT NULL);
INSERT INTO catalog_moneda VALUES(1,'USD');
INSERT INTO catalog_moneda VALUES(2,'JPY');
INSERT INTO catalog_moneda VALUES(3,'CLP');
CREATE TABLE IF NOT EXISTS "catalog_type" (
    "id" SERIAL PRIMARY KEY,"type" varchar(20) NOT NULL);
INSERT INTO catalog_type VALUES(1,'STARTER DECK');
INSERT INTO catalog_type VALUES(2,'BOOSTER PACK');
CREATE TABLE IF NOT EXISTS "catalog_producto" (
    "id" SERIAL PRIMARY KEY,"nombre" varchar(100) NOT NULL, "descripcion" text NOT NULL, "precio" decimal NOT NULL, "url" text NOT NULL, "set" varchar(50) NOT NULL, "color" varchar(250) NOT NULL, "idioma_id" bigint NOT NULL REFERENCES "catalog_idioma" ("id") DEFERRABLE INITIALLY DEFERRED, "image_id" bigint NOT NULL REFERENCES "catalog_images" ("id") DEFERRABLE INITIALLY DEFERRED, "moneda_id" bigint NOT NULL REFERENCES "catalog_moneda" ("id") DEFERRABLE INITIALLY DEFERRED, "type_id" bigint NOT NULL REFERENCES "catalog_type" ("id") DEFERRABLE INITIALLY DEFERRED);
INSERT INTO catalog_producto VALUES(1,'MAZO SH LUFFY (ST-01)','',36.89000000000000056,'https://www.amazon.com/-/es/TCG-una-pieza-Sombrero-Starter/dp/B0BNLQ6QX4/ref=sr_1_4?__mk_es_US=%C3%85M%C3%85%C5%BD%C3%95%C3%91&crid=2MEAQZU1QT7WL&keywords=One+Piece+TCG&qid=1698619615&sprefix=one+piece+tc%2Caps%2C198&sr=8-4','','RED',1,1,1,1);
INSERT INTO catalog_producto VALUES(2,'MAZO KIDD (ST-02)','',47.89999999999999858,'https://www.amazon.com/-/es/TCG-una-pieza-Baraja-generaci%C3%B3n/dp/B0BNLKF4QT/ref=sr_1_3?__mk_es_US=%C3%85M%C3%85%C5%BD%C3%95%C3%91&crid=2MEAQZU1QT7WL&keywords=One+Piece+TCG&qid=1698619615&sprefix=one+piece+tc%2Caps%2C198&sr=8-3','','GREEN',1,2,1,1);
INSERT INTO catalog_producto VALUES(3,'MAZO CROCODILE (ST-03)','',44.00999999999999802,'https://www.amazon.com/-/es/One-Piece-TCG-Cubierta-Iniciaci%C3%B3n/dp/B0BNLKVHY8/ref=sr_1_7?__mk_es_US=%C3%85M%C3%85%C5%BD%C3%95%C3%91&crid=2MEAQZU1QT7WL&keywords=One+Piece+TCG&qid=1698619615&sprefix=one+piece+tc%2Caps%2C198&sr=8-7','','BLUE',1,3,1,1);
INSERT INTO catalog_producto VALUES(4,'MAZO ONE PIECE RED (ST-05)','',0,'https://www.amazon.com/-/es/BANDAI-NAMCO-Entertainment-Cubierta-inicio/dp/B0BTKKKRJ7/ref=sr_1_5?__mk_es_US=%C3%85M%C3%85%C5%BD%C3%95%C3%91&crid=2MEAQZU1QT7WL&keywords=One+Piece+TCG&qid=1698619615&sprefix=one+piece+tc%2Caps%2C198&sr=8-5','','PURPLE',1,4,1,1);
INSERT INTO catalog_producto VALUES(5,'MAZO BIG MOM (ST-07)','',0,'https://www.amazon.com/-/es/One-Piece-TCG-Pirates-BCL2677501/dp/B0C7VKY132/ref=sr_1_29?__mk_es_US=%C3%85M%C3%85%C5%BD%C3%95%C3%91&crid=2MEAQZU1QT7WL&keywords=One+Piece+TCG&qid=1698619615&sprefix=one+piece+tc%2Caps%2C198&sr=8-29','','YELLOW',1,5,1,1);
INSERT INTO catalog_producto VALUES(6,'MAZO LUFFY (ST-08)','',28.60999999999999944,'https://www.amazon.com/-/es/One-Piece-TCG-Monkey-D-Luffy-Starter/dp/B0C7VFJ8LB/ref=sr_1_6?__mk_es_US=%C3%85M%C3%85%C5%BD%C3%95%C3%91&crid=2MEAQZU1QT7WL&keywords=One+Piece+TCG&qid=1698619615&sprefix=one+piece+tc%2Caps%2C198&sr=8-6','','BLACK',1,6,1,1);
INSERT INTO catalog_producto VALUES(7,'MAZO YAMATO (ST-09)','',29.25,'https://www.amazon.com/-/es/One-Piece-TCG-Cubierta-inicio/dp/B0C7VGHF3J/ref=sr_1_48?__mk_es_US=%C3%85M%C3%85%C5%BD%C3%95%C3%91&crid=2MEAQZU1QT7WL&keywords=One+Piece+TCG&qid=1698619615&sprefix=one+piece+tc%2Caps%2C198&sr=8-48','','YELLOW',1,7,1,1);
INSERT INTO catalog_producto VALUES(8,'MAZO SH LUFFY (ST-01)','',25.73999999999999844,'https://www.amazon.com/-/es/BANDAI-One-Piece-TCG-Sombrero/dp/B09VKTBKMS/ref=sr_1_19?__mk_es_US=%C3%85M%C3%85%C5%BD%C3%95%C3%91&crid=2MEAQZU1QT7WL&keywords=One+Piece+TCG&qid=1698619615&sprefix=one+piece+tc%2Caps%2C198&sr=8-19','','RED',2,1,1,1);
INSERT INTO catalog_producto VALUES(9,'MAZO KIDD (ST-02)','',25.85000000000000142,'https://www.amazon.com/-/es/BANDAI-One-Piece-TCG-generaci%C3%B3n/dp/B09VKVFQMD/ref=sr_1_45?__mk_es_US=%C3%85M%C3%85%C5%BD%C3%95%C3%91&crid=2MEAQZU1QT7WL&keywords=One+Piece+TCG&qid=1698619615&sprefix=one+piece+tc%2Caps%2C198&sr=8-45','','GREEN',2,2,1,1);
INSERT INTO catalog_producto VALUES(10,'MAZO CROCODILE (ST-03)','',24.80000000000000071,'https://www.amazon.com/-/es/BANDAI-One-Piece-TCG-Cubierta/dp/B09VKX8N65/ref=sr_1_20?__mk_es_US=%C3%85M%C3%85%C5%BD%C3%95%C3%91&crid=2MEAQZU1QT7WL&keywords=One+Piece+TCG&qid=1698619615&sprefix=one+piece+tc%2Caps%2C198&sr=8-20','','BLUE',2,3,1,1);
INSERT INTO catalog_producto VALUES(11,'MAZO KAIDO (ST-04)','',0,'https://www.amazon.com/-/es/BANDAI-Cubierta-iniciaci%C3%B3n-piratas-japon%C3%A9s/dp/B09VKWZJWZ/ref=sr_1_12?__mk_es_US=%C3%85M%C3%85%C5%BD%C3%95%C3%91&crid=2MEAQZU1QT7WL&keywords=One+Piece+TCG&qid=1698619615&sprefix=one+piece+tc%2Caps%2C198&sr=8-12','','PURPLE',2,8,1,1);
INSERT INTO catalog_producto VALUES(12,'MAZO ONE PIECE RED (ST-05)','',32.6700000000000017,'https://www.amazon.com/-/es/Bandai-One-Piece-Edici%C3%B3n-pel%C3%ADcula/dp/B09VKS64CD/ref=sr_1_50?__mk_es_US=%C3%85M%C3%85%C5%BD%C3%95%C3%91&crid=2MEAQZU1QT7WL&keywords=One+Piece+TCG&qid=1698619764&sprefix=one+piece+tc%2Caps%2C198&sr=8-50','','PURPLE',2,4,1,1);
INSERT INTO catalog_producto VALUES(13,'MAZO BIG MOM (ST-07)','',24.26999999999999958,'https://www.amazon.com/-/es/BANDAI-NAMCO-Entertainment-One-Piece/dp/B0BKKSYCB4/ref=sr_1_16?__mk_es_US=%C3%85M%C3%85%C5%BD%C3%95%C3%91&crid=2MEAQZU1QT7WL&keywords=One+Piece+TCG&qid=1698619615&sprefix=one+piece+tc%2Caps%2C198&sr=8-16','','YELLOW',2,5,1,1);
INSERT INTO catalog_producto VALUES(14,'MAZO LUFFY (ST-08)','',25.6700000000000017,'https://www.amazon.com/-/es/BANDAI-Entertainment-Monkey-%E3%80%90ST-8%E3%80%91-Japon%C3%A9s/dp/B0BNPDYVD8/ref=sr_1_58?__mk_es_US=%C3%85M%C3%85%C5%BD%C3%95%C3%91&crid=2MEAQZU1QT7WL&keywords=One+Piece+TCG&qid=1698619615&sprefix=one+piece+tc%2Caps%2C198&sr=8-58','','BLACK',2,6,1,1);
INSERT INTO catalog_producto VALUES(15,'MAZO YAMATO (ST-09)','',29.25,'https://www.amazon.com/-/es/One-Piece-TCG-Cubierta-inicio/dp/B0C7VGHF3J/ref=sr_1_48?__mk_es_US=%C3%85M%C3%85%C5%BD%C3%95%C3%91&crid=2MEAQZU1QT7WL&keywords=One+Piece+TCG&qid=1698619615&sprefix=one+piece+tc%2Caps%2C198&sr=8-48','','YELLOW',2,7,1,1);
INSERT INTO catalog_producto VALUES(16,'MAZO AKAINU (ST-06)','',4377,'https://www.amazon.co.jp/-/en/BANDAI-ST-06-PIECE-Card-Start/dp/B0B588N7NW/ref=sr_1_26?crid=1Z6AZ7CJIOJ7I&keywords=One+Piece+TCG&qid=1698621165&sprefix=one+piece+tcg%2Caps%2C313&sr=8-26','','BLACK',2,9,2,1);
INSERT INTO catalog_producto VALUES(17,'MAZO 3 CAPITANES (ST-10)','',6245,'https://www.amazon.co.jp/-/en/BANDAI-ST-10-Ultimate-Captains-Gathering/dp/B0BV136NMY/ref=sr_1_12?crid=1Z6AZ7CJIOJ7I&keywords=One+Piece+TCG&qid=1698621165&sprefix=one+piece+tcg%2Caps%2C313&sr=8-12','','RED&PURPLE',2,10,2,1);
INSERT INTO catalog_producto VALUES(18,'MAZO UTA (ST-11)','',3836,'https://www.amazon.co.jp/-/en/BANDAI-ST-11-PIECE-Card-Start/dp/B0CFX88NSQ/ref=sr_1_10?crid=1Z6AZ7CJIOJ7I&keywords=One+Piece+TCG&qid=1698621165&sprefix=one+piece+tcg%2Caps%2C313&sr=8-10','','GREEN',2,11,2,1);
INSERT INTO catalog_producto VALUES(19,'MAZO ZORO & SANJI (ST-12)','',4518,'https://www.amazon.co.jp/-/en/BANDAI-ST-12-PIECE-Start-Sanji/dp/B0CFWYBXZZ/ref=sr_1_7?crid=1Z6AZ7CJIOJ7I&keywords=One+Piece+TCG&qid=1698621165&sprefix=one+piece+tcg%2Caps%2C313&sr=8-7','','GREEN&BLUE',2,12,2,1);
INSERT INTO catalog_producto VALUES(20,'FAMILY DECK BOX','',6264,'https://www.amazon.co.jp/-/en/BANDAI-PIECE-Card-Game-Family/dp/B0BV13PTNF/ref=sr_1_16?crid=1Z6AZ7CJIOJ7I&keywords=One+Piece+TCG&qid=1698621165&sprefix=one+piece+tcg%2Caps%2C313&sr=8-16','','RED&GREEN&PURPLE',2,13,2,1);
INSERT INTO catalog_producto VALUES(21,'MAZO YAMATO (ST-09)','',21.85000000000000143,'https://www.amazon.com/-/es/BANDAI-Entertainment-Cartas-Cubierta-Japon%C3%A9s/dp/B0BNPFQV8J/ref=sr_1_50?__mk_es_US=%C3%85M%C3%85%C5%BD%C3%95%C3%91&keywords=one+piece+tcg&qid=1699303854&sr=8-50','','YELLOW',2,7,1,1);
INSERT INTO catalog_producto VALUES(22,'MAZO ONE PIECE RED (ST-05)','',32.6700000000000017,'https://www.amazon.com/-/es/Bandai-One-Piece-Edici%C3%B3n-pel%C3%ADcula/dp/B09VKS64CD/ref=sr_1_59?__mk_es_US=%C3%85M%C3%85%C5%BD%C3%95%C3%91&keywords=one+piece+tcg&qid=1699303854&sr=8-59','','PURPLE',2,4,1,1);
INSERT INTO catalog_producto VALUES(23,'MAZO CROCODILE (ST-03)','',4217,'https://www.amazon.co.jp/-/en/BANDAI-ST-03-PIECE-Start-Nanabuumi/dp/B09VKX8N65/ref=sr_1_47?crid=3NE2ILLSLWGU8&keywords=one+piece+tcg&qid=1699304092&sprefix=%2Caps%2C565&sr=8-47','','BLUE',2,3,2,1);
INSERT INTO catalog_producto VALUES(24,'MAZO LUFFY (ST-08)','',0,'https://www.amazon.co.jp/-/en/BANDAI-ST-8-PIECE-Start-Monkey/dp/B0BNPDYVD8/ref=sr_1_7?crid=28HEMNG197NVP&keywords=one+piece+tcg+Start+Deck&qid=1699304167&sprefix=one+piece+tcg+start+deck%2Caps%2C258&sr=8-7','','BLACK',2,6,2,1);
INSERT INTO catalog_producto VALUES(25,'MAZO BIG MOM (ST-07)','',0,'https://www.amazon.co.jp/-/en/BANDAI-ST-07-Piece-Start-Pirates/dp/B0BKKSYCB4/ref=sr_1_2?crid=28HEMNG197NVP&keywords=one+piece+tcg+Start+Deck&qid=1699304167&sprefix=one+piece+tcg+start+deck%2Caps%2C258&sr=8-2','','YELLOW',2,5,2,1);
INSERT INTO catalog_producto VALUES(26,'MAZO YAMATO (ST-09)','',17990,'https://www.guildreams.com/product/one-piece-tcg-starter-deck-yamato','','YELLOW',1,7,3,1);
INSERT INTO catalog_producto VALUES(27,'MAZO LUFFY (ST-08)','',17990,'https://www.guildreams.com/product/one-piece-tcg-starter-deck-monkey-d-luffy','','BLACK',1,6,3,1);
INSERT INTO catalog_producto VALUES(28,'MAZO BIG MOM (ST-07)','',0,'https://www.guildreams.com/product/one-piece-tcg-starter-deck-big-mom','','YELLOW',1,5,3,1);
INSERT INTO catalog_producto VALUES(29,'Kingdoms of Intrigue - Booster Pack (OP-04)','',5000,'https://www.guildreams.com/product/one-piece-tcg-kingdoms-of-intrigue-booster-pack','OP04','',1,14,3,2);
INSERT INTO catalog_producto VALUES(30,'Kingdoms of Intrigue - Double Pack (DP-01)','',10990,'https://www.guildreams.com/product/one-piece-tcg-kingdoms-of-intrigue-double-pack','OP04','',1,24,3,2);
INSERT INTO catalog_producto VALUES(31,'Kingdoms of Intrigue - Booster Box (OP-04)','',0,'https://www.guildreams.com/product/one-piece-tcg-kingdoms-of-intrigue-booster-box','OP04','',1,25,3,2);
INSERT INTO catalog_producto VALUES(32,'Romance Dawn - Booster Pack (OP-01)','',0,'https://www.guildreams.com/product/one-piece-tcg-romance-dawn-booster-pack','OP01','',1,22,3,2);
INSERT INTO catalog_producto VALUES(33,'Paramount War - Booster Pack (OP-02)','',0,'https://www.guildreams.com/product/one-piece-tcg-paramount-war-booster-pack','OP02','',1,21,3,2);
INSERT INTO catalog_producto VALUES(34,'Pillars Of Strength - Booster Pack (OP-03)','',5000,'https://www.guildreams.com/product/one-piece-tcg-pillars-of-strength-booster-pack','OP03','',1,20,3,2);
INSERT INTO catalog_producto VALUES(35,'MAZO ZORO & SANJI (ST-12)','',0,'https://elreinodelosduelos.cl/producto/starter-deck-12-zoro-and-sanji-st-12/','','GREEN&BLUE',1,12,3,1);
INSERT INTO catalog_producto VALUES(36,'MAZO LUFFY (ST-08)','',14990,'https://elreinodelosduelos.cl/producto/starter-deck-8-monkey-d-luffy-st-08/','','BLACK',1,6,3,1);
INSERT INTO catalog_producto VALUES(37,'MAZO YAMATO (ST-09)','',0,'https://elreinodelosduelos.cl/producto/starter-deck-9-yamato-st-09/','','YELLOW',1,7,3,1);
INSERT INTO catalog_producto VALUES(38,'Kingdoms of Intrigue - Booster Box (OP-04)','',0,'https://elreinodelosduelos.cl/producto/one-piece-card-game-kingdoms-of-intrigue-op-04/','OP04','',1,25,3,2);
INSERT INTO catalog_producto VALUES(39,'Paramount War - Booster Box (OP-02)','',0,'https://elreinodelosduelos.cl/producto/one-piece-card-game-paramount-war-booster-box-op-02/','OP02','',1,23,3,2);
INSERT INTO catalog_producto VALUES(40,'Gift Collection 2023 (GC-01)','',0,'https://elreinodelosduelos.cl/producto/one-piece-card-game-gift-collection-2023-gc01/','OP04','',1,18,3,2);
INSERT INTO catalog_producto VALUES(41,'MAZO ZORO & SANJI (ST-12)','',0,'https://carduniverse.cl/collections/one-piece-card-game/products/reserva-starter-deck-zoro-and-sanji-st-12','','GREEN&BLUE',1,12,3,1);
INSERT INTO catalog_producto VALUES(42,'MAZO LUFFY (ST-08)','',17990,'https://carduniverse.cl/collections/one-piece-card-game/products/reserva-starter-deck-monkey-d-luffy-st-08','','BLACK',1,6,3,1);
INSERT INTO catalog_producto VALUES(43,'MAZO LUFFY (ST-08)','',17990,'https://carduniverse.cl/collections/one-piece-card-game/products/reserva-starter-deck-monkey-d-luffy-st-08','','BLACK',1,6,3,1);
INSERT INTO catalog_producto VALUES(44,'Wings Of The Captain - Booster Box (OP-06)','',0,'https://carduniverse.cl/collections/one-piece-card-game/products/reserva-display-wings-of-captain-op-06','OP06','',1,17,3,2);
INSERT INTO catalog_producto VALUES(45,'Wings Of The Captain - Double Pack (DP-03)','',10990,'https://carduniverse.cl/collections/one-piece-card-game/products/reserva-double-pack-set-vol-3-dp03','OP06','',1,16,3,2);
INSERT INTO catalog_producto VALUES(46,'Paramount War - Booster Box (OP-02)','',0,'https://carduniverse.cl/collections/one-piece-card-game/products/reserva-display-romance-dawn','OP02','',1,23,3,2);
INSERT INTO catalog_producto VALUES(47,'MAZO YAMATO (ST-09)','',0,'https://www.geekers.cl/one-piece-starter-deck-09-yamato','','YELLOW',1,7,3,1);
INSERT INTO catalog_producto VALUES(48,'Paramount War - Booster Pack (OP-02)','',0,'https://www.geekers.cl/one-piece-pillars-of-strength-booster-pack-copiar','OP02','',1,21,3,2);
INSERT INTO catalog_producto VALUES(49,'Pillars Of Strength - Booster Pack (OP-03)','',0,'https://www.geekers.cl/one-piece-pillars-of-strength-booster-pack','OP03','',1,20,3,2);
INSERT INTO catalog_producto VALUES(50,'MAZO LUFFY (ST-08)','',0,'https://thirdimpact.cl/producto/one-piece-card-game-st08-monkey-d-luffy/','','BLACK',1,7,3,1);
INSERT INTO catalog_producto VALUES(51,'Wings Of The Captain - Booster Box (OP-06)','',0,'https://thirdimpact.cl/producto/one-piece-card-game-op06-wings-of-the-captain-booster-box/','OP06','',1,17,3,2);
INSERT INTO catalog_producto VALUES(52,'Gift Collection 2023 (GC-01)','',29990,'https://thirdimpact.cl/producto/one-piece-card-game-gb01-gift-box-2023/','OP04','',1,18,3,2);
INSERT INTO catalog_producto VALUES(53,'Kingdoms of Intrigue - Double Pack (DP-01)','',11990,'https://thirdimpact.cl/producto/one-piece-card-game-kingdom-of-intrigue-dp01-double-pack-vol-1/','OP04','',1,24,3,2);
INSERT INTO catalog_producto VALUES(54,'Pillars Of Strength - Booster Box (OP-03)','',0,'https://thirdimpact.cl/producto/one-piece-card-game-op03-pillars-of-strength/','OP03','',1,15,3,2);
INSERT INTO catalog_producto VALUES(55,'Paramount War - Booster Box (OP-02)','',0,'https://thirdimpact.cl/producto/one-piece-card-game-op02-paramount-war/','OP02','',1,23,3,2);
INSERT INTO catalog_producto VALUES(56,'Kingdoms of Intrigue - Booster Box (OP-04)','',0,'https://thirdimpact.cl/producto/one-piece-card-game-op04-kingdoms-of-intrigue-booster-box/','OP04','',1,25,3,2);
INSERT INTO catalog_producto VALUES(57,'Pillars Of Strength - Booster Box (OP-03)','',0,'https://www.playset.cl/producto/display-24-sobres-one-piece-tcg-pillars-of-strength-op-03/','OP03','',1,15,3,2);
INSERT INTO catalog_producto VALUES(58,'Kingdoms of Intrigue - Double Pack (DP-01)','',10990,'https://www.playset.cl/producto/one-piece-card-game-double-pack-set-vol-1-dp-01/','OP04','',1,24,3,2);
INSERT INTO catalog_producto VALUES(59,'MAZO LUFFY (ST-08)','',16990,'https://drawn.cl/producto/preventa-juego-de-cartas-one-piece-st08-monkey-d-luffy/','','BLACK',1,7,3,1);
INSERT INTO catalog_producto VALUES(60,'Gift Collection 2023 (GC-01)','',34990,'https://drawn.cl/producto/one-piece-card-game-gift-collection-2023-gc-01/','OP04','',1,18,3,2);
INSERT INTO catalog_producto VALUES(61,'Kingdoms of Intrigue - Booster Box (OP-04)','',0,'https://drawn.cl/producto/preventa-2-one-piece-op04-kingdoms-of-intrigue-booster-box-preventa/','OP04','',1,25,3,2);
INSERT INTO catalog_producto VALUES(62,'Kingdoms of Intrigue - Booster Pack (OP-04)','',3990,'https://drawn.cl/producto/booster-pack-op-04-kingdoms-of-intrigue/','OP04','',1,14,3,2);
INSERT INTO catalog_producto VALUES(63,'MAZO AKAINU (ST-06)','',24.25,'https://www.amazon.com/-/es/BANDAI-One-Piece-TCG-Cubierta/dp/B0B588N7NW/ref=sr_1_47?__mk_','','BLACK',2,9,1,1);
INSERT INTO catalog_producto VALUES(64,'FAMILY DECK BOX','',50.36999999999999745,'https://www.amazon.com/-/es/BANDAI-Entertainment-cartas-familia-japon%C3%A9s/dp/B0BV13PTNF/ref=sr_1_51?__mk_es_US=%C3%85M%C3%85%C5%BD%C3%95%C3%91&crid=18KR1FNCOPFCO&keywords=One+Piece+TCG&qid=1700762277&sprefix=one+piece+tcg%2Caps%2C177&sr=8-51','','RED&GREEN&PURPLE',2,13,1,1);
INSERT INTO catalog_producto VALUES(65,'Gift Collection 2023 (GC-01)','',0,'https://www.amazon.com/-/es/Bandai-Juego-cartas-pieza-coleccionables/dp/B0C7VJ7DMY/ref=sr_1_33?__mk_es_US=%C3%85M%C3%85%C5%BD%C3%95%C3%91&crid=18KR1FNCOPFCO&keywords=One+Piece+TCG&qid=1700762277&sprefix=one+piece+tcg%2Caps%2C177&sr=8-33#customerReviews','OP04','',1,18,1,2);
INSERT INTO catalog_producto VALUES(66,'MAZO SH LUFFY (ST-01)','',4269,'https://www.amazon.co.jp/-/en/BANDAI-ST-01-PIECE-Start-Straw/dp/B09VKTBKMS/ref=sr_1_27?keywords=One+Piece+TCG&qid=1700763031&sr=8-27','','RED',2,1,2,1);
INSERT INTO catalog_producto VALUES(67,'MAZO KIDD (ST-02)','',4206,'https://www.amazon.co.jp/-/en/BANDAI-ST-02-PIECE-Start-Generation/dp/B09VKVFQMD/ref=sr_1_44?keywords=One+Piece+TCG&qid=1700763031&sr=8-44','','GREEN',2,2,2,1);
INSERT INTO catalog_producto VALUES(68,'MAZO KAIDO (ST-04)','',0,'https://www.amazon.co.jp/-/en/BANDAI-ST-04-PIECE-Card-Start/dp/B09VKWZJWZ/ref=sr_1_61?keywords=One+Piece+TCG&qid=1700763195&sr=8-61','','PURPLE',2,8,2,1);
INSERT INTO catalog_producto VALUES(69,'MAZO ONE PIECE RED (ST-05)','',4543,'https://www.amazon.co.jp/-/en/Bandai-ST-05-Piece-Card-Start/dp/B09VKS64CD/ref=sr_1_66?keywords=One+Piece+TCG&qid=1700763195&sr=8-66','','PURPLE',2,4,2,1);
INSERT INTO catalog_producto VALUES(70,'MAZO YAMATO (ST-09)','',0,'https://www.amazon.co.jp/-/en/BANDAI-ST-9-PIECE-Start-Yamato/dp/B0BNPFQV8J/ref=sr_1_47?keywords=One+Piece+TCG&qid=1700763031&sr=8-47','','YELLOW',2,7,2,1);
INSERT INTO catalog_producto VALUES(71,'MAZO 3 HERMANOS (ST-13)','',0,'https://www.amazon.co.jp/-/en/BANDAI-ST-9-PIECE-Start-Yamato/dp/B0BNPFQV8J/ref=sr_1_47?keywords=One+Piece+TCG&qid=1700763031&sr=8-47','','YELLOW&BLACK&BLUE&RED',2,7,2,1);
INSERT INTO catalog_producto VALUES(72,'SET DE 4','',0,'https://www.amazon.co.jp/-/en/Piece-Card-Game-Start-Deck/dp/B0B3MF5T7P/ref=sr_1_92?keywords=One+Piece+TCG&qid=1700763195&sr=8-92','','RED&GREEN&BLUE&PURPLE',2,27,2,1);
INSERT INTO catalog_producto VALUES(73,'MAZO 3 CAPITANES (ST-10)','',0,'https://www.guildreams.com/product/one-piece-tcg-ultra-deck-the-three-captains','','RED&PURPLE',1,10,3,1);
INSERT INTO catalog_producto VALUES(74,'Devil Fruit Collection Vol.1 (DF-01)','',29990,'https://www.guildreams.com/product/one-piece-tcg-devil-fruits-collection-vol-1','OP03&OP4','',1,28,3,2);
INSERT INTO catalog_producto VALUES(75,'Kingdoms of Intrigue - Double Pack (DP-01)','',11990,'https://elreinodelosduelos.cl/producto/one-piece-card-game-double-pack-set-vol-1-dp-01/','OP04','',1,14,3,2);
INSERT INTO catalog_producto VALUES(76,'Devil Fruit Collection Vol.1 (DF-01)','',34990,'https://elreinodelosduelos.cl/producto/one-piece-card-game-devil-fruits-collection-vol-1-df-01/','OP03&OP4','',1,28,3,2);
INSERT INTO catalog_producto VALUES(77,'MAZO SH LUFFY (ST-01)','',0,'https://carduniverse.cl/collections/one-piece-card-game/products/reserva-starter-decks-one-piece-card-game','','RED',1,1,3,1);
INSERT INTO catalog_producto VALUES(78,'MAZO ONE PIECE RED (ST-05)','',0,'https://carduniverse.cl/collections/one-piece-card-game/products/reserva-starter-deck-film-edition','','PURPLE',1,4,3,1);
INSERT INTO catalog_producto VALUES(79,'MAZO AKAINU (ST-06)','',0,'https://carduniverse.cl/collections/one-piece-card-game/products/copia-de-reserva-starter-deck-navy-st-06','','BLACK',1,9,3,1);
INSERT INTO catalog_producto VALUES(80,'MAZO BIG MOM (ST-07)','',0,'https://carduniverse.cl/collections/one-piece-card-game/products/reserva-starter-deck-big-mom-st-07','','YELLOW',1,5,3,1);
INSERT INTO catalog_producto VALUES(81,'MAZO 3 CAPITANES (ST-10)','',0,'https://carduniverse.cl/collections/one-piece-card-game/products/reserva-ultimate-deck-the-three-captains-st-10','','RED&PURPLE',1,10,3,1);
INSERT INTO catalog_producto VALUES(82,'Romance Dawn - Booster Box (OP-01)','',0,'https://carduniverse.cl/collections/one-piece-card-game/products/reserva-display-romance-dawn-op-01','OP01','',1,31,3,2);
INSERT INTO catalog_producto VALUES(83,'Pillars of Strength - Booster Box (OP-03)','',0,'https://carduniverse.cl/collections/one-piece-card-game/products/reserva-display-pillars-of-strength-op-03','OP03','',1,15,3,2);
INSERT INTO catalog_producto VALUES(84,'Kingdoms of Intrigue - Booster Box (OP-04)','',0,'https://carduniverse.cl/collections/one-piece-card-game/products/reserva-display-kingdoms-of-intrigue-op-04','OP04','',1,25,3,2);
INSERT INTO catalog_producto VALUES(85,'Kingdoms of Intrigue - Double Pack (DP-01)','',0,'https://carduniverse.cl/collections/one-piece-card-game/products/reserva-double-pack-set-volume-1-display-dp01','OP04','',1,14,3,2);
INSERT INTO catalog_producto VALUES(86,'Awakening Of The New Era - Booster Box (OP-05)','',0,'https://carduniverse.cl/collections/one-piece-card-game/products/reserva-display-awakening-of-the-new-era-op-05','OP05','',1,30,3,2);
INSERT INTO catalog_producto VALUES(87,'Awakening Of The New Era - Double Pack (DP-02)','',0,'https://carduniverse.cl/collections/one-piece-card-game/products/reserva-double-pack-set-vol-2-dp02','OP05','',1,29,3,2);
INSERT INTO catalog_producto VALUES(88,'Gift Collection 2023 (GC-01)','',0,'https://carduniverse.cl/collections/one-piece-card-game/products/reserva-gift-collection-2023-gc01','0P04','',1,18,3,2);
INSERT INTO catalog_producto VALUES(89,'Devil Fruit Collection Vol.1 (DF-01)','',0,'https://carduniverse.cl/collections/one-piece-card-game/products/reserva-devil-fruits-collection-vol-1','OP03&OP4','',1,28,3,2);
INSERT INTO catalog_producto VALUES(90,'MAZO LUFFY (ST-08)','',0,'https://www.geekers.cl/one-piece-starter-deck-08-monkey-d-luffy','','BLACK',1,6,3,1);
INSERT INTO catalog_producto VALUES(91,'Kingdoms of Intrigue - Double Pack (DP-01)','',12990,'https://www.geekers.cl/one-piece-pillars-of-strength-booster-pack-copiar-1','OP04','',1,14,3,2);
INSERT INTO catalog_producto VALUES(92,'Gift Collection 2023 (GC-01)','',34990,'https://www.geekers.cl/one-piece-tcg-gc01-gift-collection-2023','0P04','',1,18,3,2);
INSERT INTO catalog_producto VALUES(93,'Awakening Of The New Era - Double Pack (DP-02)','',0,'https://thirdimpact.cl/producto/one-piece-card-game-awakening-of-the-new-era-double-pack-vol-2/','OP05','',1,29,3,2);
INSERT INTO catalog_producto VALUES(94,'Pillars Of Strength - Booster Pack (OP-03)','',0,'https://drawn.cl/producto/booster-pack-op-03-pillars-of-strength/','OP03','',1,20,3,2);
INSERT INTO catalog_producto VALUES(95,'Devil Fruit Collection Vol.1 (DF-01)','',0,'https://drawn.cl/producto/devil-fruits-collection-one-piece/','OP03&OP4','',1,28,3,2);
INSERT INTO catalog_producto VALUES(96,'MAZO 3 CAPITANES (ST-10)','',34990,'https://aogeekstore.cl/producto/ultimate-deck-the-three-captains-st-10/','','RED&PURPLE',1,10,3,1);
INSERT INTO catalog_producto VALUES(97,'Romance Dawn - Booster Pack (OP-01)','',0,'https://aogeekstore.cl/product/one-piece-tcg-romance-dawn-booster-pack/','OP01','',1,22,3,2);
INSERT INTO catalog_producto VALUES(98,'Romance Dawn - Booster Box (OP-01)','',0,'https://aogeekstore.cl/product/caja-sobres-one-piece-cg-op01-romance-dawn/','OP01','',1,31,3,2);
INSERT INTO catalog_producto VALUES(99,'Paramount War - Booster Pack (OP-02)','',0,'https://aogeekstore.cl/product/one-piece-tcg-paramount-war-booster-pack/','OP02','',1,21,3,2);
INSERT INTO catalog_producto VALUES(100,'Paramount War - Booster Box (OP-02)','',0,'https://aogeekstore.cl/product/one-piece-tcg-paramount-war-booster-box/','OP02','',1,23,3,2);
INSERT INTO catalog_producto VALUES(101,'Pillars Of Strength - Booster Pack (OP-03)','',0,'https://aogeekstore.cl/product/one-piece-tcg-pillars-of-strength-booster-pack/','OP03','',1,20,3,2);
INSERT INTO catalog_producto VALUES(102,'Pillars Of Strength - Booster Box (OP-03)','',0,'https://aogeekstore.cl/product/one-piece-tcg-pillars-of-strength-booster-box/','OP03','',1,15,3,2);
INSERT INTO catalog_producto VALUES(103,'Kingdoms of Intrigue - Booster Pack (OP-04)','',0,'https://aogeekstore.cl/product/one-piece-tcg-kingdoms-of-intrigue-booster-pack/','OP04','',1,14,3,2);
INSERT INTO catalog_producto VALUES(104,'Kingdoms of Intrigue - Booster Box (OP-04)','',109990,'https://aogeekstore.cl/producto/display-kingdoms-of-intrigue-op-04/','OP04','',1,25,3,2);
INSERT INTO catalog_producto VALUES(105,'Gift Collection 2023 (GC-01)','',30000,'https://aogeekstore.cl/producto/reserva-gift-collection-2023-gc01/','OP04','',1,18,3,2);
INSERT INTO catalog_producto VALUES(106,'MAZO LUFFY (ST-08)','',18990,'https://tablecatgames.cl/shop/tcg-lcg/one-piece-tcg/one-piece-tcg-starter-deck-8-monkey-d-luffy-st-08/','','BLACK',1,6,3,1);
INSERT INTO catalog_producto VALUES(107,'MAZO YAMATO (ST-09)','',18990,'https://tablecatgames.cl/shop/tcg-lcg/one-piece-tcg/one-piece-tcg-starter-deck-9-yamato/','','YELLOW',1,7,3,1);
INSERT INTO catalog_producto VALUES(108,'Kingdoms of Intrigue - Booster Box (OP-04)','',119990,'https://tablecatgames.cl/shop/tcg-lcg/one-piece-tcg/one-piece-tcg-kingdoms-of-intrigue-op-04/','OP04','',1,25,3,2);
INSERT INTO catalog_producto VALUES(109,'MAZO LUFFY (ST-08)','',19990,'https://www.gamingplace.cl/one-piece-tcg-card-game-st-08-mazo-de-monkey-d-luffy','','BLACK',1,6,3,1);
INSERT INTO catalog_producto VALUES(110,'MAZO YAMATO (ST-09)','',19990,'https://www.gamingplace.cl/one-piece-tcg-starter-deck-st-09-yamato','','YELLOW',1,7,3,1);
INSERT INTO catalog_producto VALUES(111,'Paramount War - Booster Pack (OP-02)','',0,'https://www.gamingplace.cl/one-piece-tcg-card-game-booster-sobres-paramount-war-op02','OP02','',1,21,3,2);
INSERT INTO catalog_producto VALUES(112,'Paramount War - Booster Box (OP-02)','',0,'https://www.gamingplace.cl/one-piece-tcg-card-game-booster-box-24-sobre-paramount-war-op02','OP02','',1,23,3,2);
INSERT INTO catalog_producto VALUES(113,'MAZO LUFFY (ST-08)','',19990,'https://www.magicsur.cl/one-piece-tcg/7116-one-piece-card-game-monkey-d-luffy-starter-deck-st-08.html','','BLACK',1,6,3,1);
INSERT INTO catalog_producto VALUES(114,'MAZO YAMATO (ST-09)','',19990,'https://www.magicsur.cl/one-piece-tcg/7117-one-piece-card-game-yamato-starter-deck-st-09.html','','YELLOW',1,7,3,1);
INSERT INTO catalog_producto VALUES(115,'Kingdoms of Intrigue - Booster Box (OP-04)','',0,'https://www.magicsur.cl/one-piece-tcg/7076-one-piece-card-game-kingdoms-of-intrigue-booster-box-bt-04-.html','OP04','',1,25,3,2);
INSERT INTO catalog_producto VALUES(116,'MAZO LUFFY (ST-08)','',19990,'https://addictionmodel.cl/productos/preventa-deck-st-8-monkey-d-luffy-ingles/','','BLACK',1,6,3,1);
INSERT INTO catalog_producto VALUES(117,'MAZO YAMATO (ST-09)','',19990,'https://addictionmodel.cl/productos/preventa-deck-st-9-yamato-ingles/','','YELLOW',1,7,3,1);
INSERT INTO catalog_producto VALUES(118,'MAZO 3 CAPITANES (ST-10)','',40000,'https://addictionmodel.cl/productos/st10-3-captains-gathering-ultra-deck-one-piece-card-gameingles/','','RED&PURPLE',1,10,3,1);
INSERT INTO catalog_producto VALUES(119,'Paramount War - Booster Box (OP-02)','',0,'https://addictionmodel.cl/productos/one-piece-card-game-op02-paramount-war-3nd-wave/','OP02','',1,23,3,2);
INSERT INTO catalog_producto VALUES(120,'Pillars Of Strength - Booster Box (OP-03)','',0,'https://addictionmodel.cl/productos/tcg-booster-set-3-pillars-of-strength-display-box-24ct-wave-2/','OP03','',1,15,3,2);
INSERT INTO catalog_producto VALUES(121,'Kingdoms of Intrigue - Booster Box (OP-04)','',0,'https://addictionmodel.cl/productos/one-piece-tcg-kingdoms-of-intrigue-booster-box-op-04preventa/','OP04','',1,25,3,2);
INSERT INTO catalog_producto VALUES(122,'Kingdoms of Intrigue - Double Pack (DP-01)','',13990,'https://addictionmodel.cl/productos/double-pack-set-vol-1-dp-01/','OP04','',1,24,3,2);
INSERT INTO catalog_producto VALUES(123,'Awakening Of The New Era - Booster Box (OP-05)','',0,'https://addictionmodel.cl/productos/one-piece-card-game-booster-box-awakening-of-the-new-era-op-05/','OP05','',1,30,3,2);
INSERT INTO catalog_producto VALUES(124,'Gift Collection 2023 (GC-01)','',35000,'https://addictionmodel.cl/productos/one-piece-trading-card-game-2023-gift-collection-box-gb-01-5-booster-packs-card-case-promo-card/','OP04','',1,18,3,2);
INSERT INTO catalog_producto VALUES(125,'Devil Fruit Collection Vol.1 (DF-01)','',0,'https://addictionmodel.cl/productos/coleccion-de-frutas-del-diablo-de-tcg-de-one-piece-vol-1-df-01/','OP03&OP4','',1,28,3,2);
INSERT INTO catalog_producto VALUES(126,'MAZO KIDD (ST-02)','',0,'https://www.top8.cl/product/starter-deck-one-piece-cg-st02-worst-generation','','GREEN',1,2,3,1);
INSERT INTO catalog_producto VALUES(127,'MAZO CROCODILE (ST-03)','',0,'https://www.top8.cl/product/starter-deck-one-piece-cg-st03-the-seven-warlords-of-the-sea','','BLUE',1,3,3,1);
INSERT INTO catalog_producto VALUES(128,'MAZO BIG MOM (ST-07)','',20000,'https://www.top8.cl/product/starter-deck-one-piece-cg-st07-big-mom-pirates-ingles','','YELLOW',1,5,3,1);
INSERT INTO catalog_producto VALUES(129,'MAZO LUFFY (ST-08)','',20000,'https://www.top8.cl/product/starter-deck-one-piece-cg-st08-monkey-d-luffy','','BLACK',1,6,3,1);
INSERT INTO catalog_producto VALUES(130,'MAZO YAMATO (ST-09)','',20000,'https://www.top8.cl/product/starter-deck-one-piece-cg-st09-yamato','','YELLOW',1,7,3,1);
INSERT INTO catalog_producto VALUES(131,'MAZO 3 CAPITANES (ST-10)','',35000,'https://www.top8.cl/product/ultimate-deck-one-piece-cg-st10-the-three-capitains','','RED&PURPLE',1,10,3,1);
INSERT INTO catalog_producto VALUES(132,'MAZO UTA (ST-11)','',15000,'https://www.top8.cl/product/preventa-starter-deck-one-piece-cg-st11-uta','','GREEN',1,11,3,1);
INSERT INTO catalog_producto VALUES(133,'Romance Dawn - Booster Box (OP-01)','',0,'https://www.top8.cl/product/caja-sobres-one-piece-cg-op01-romance-dawn','OP01','',1,31,3,2);
INSERT INTO catalog_producto VALUES(134,'Paramount War - Booster Box (OP-02)','',0,'https://www.top8.cl/product/caja-sobres-one-piece-cg-op02-paramount-war','OP02','',1,23,3,2);
INSERT INTO catalog_producto VALUES(135,'Pillars Of Strength - Booster Box (OP-03)','',0,'https://www.top8.cl/product/caja-sobres-one-piece-cg-op03-pillars-of-strenght-ingles','OP03','',1,15,3,2);
INSERT INTO catalog_producto VALUES(136,'Kingdoms of Intrigue - Booster Box (OP-04)','',0,'https://www.top8.cl/product/caja-sobres-one-piece-cg-op04-kingdoms-of-intrigue','OP04','',1,25,3,2);
INSERT INTO catalog_producto VALUES(137,'Kingdoms of Intrigue - Double Pack (DP-01)','',12000,'https://www.top8.cl/product/double-pack-set-one-piece-cg-dp01-vol-1','OP04','',1,24,3,2);
INSERT INTO catalog_producto VALUES(138,'Gift Collection 2023 (GC-01)','',26400,'https://www.top8.cl/product/gift-collection-one-piece-cg-gc01-2023','OP04','',1,18,3,2);
INSERT INTO catalog_producto VALUES(139,'Awakening Of The New Era - Booster Box (OP-05)','',0,'https://www.top8.cl/product/preventa-caja-sobres-one-piece-cg-op05-awakening-of-the-new-era','OP05','',1,30,3,2);
INSERT INTO catalog_producto VALUES(140,'Wings Of The Captain - Booster Box (OP-06)','',96000,'https://www.top8.cl/product/preventa-caja-sobres-one-piece-cg-op06-wings-of-the-captain','OP06','',1,17,3,2);
INSERT INTO catalog_producto VALUES(141,'Wings Of The Captain - Booster Box (OP-06)','',0,'https://thirdimpact.cl/producto/one-piece-card-game-op06-wings-of-the-captain-booster-box/','OP06','',1,17,3,2);
INSERT INTO catalog_producto VALUES(142,'Awakening Of The New Era - Booster Box (OP-05)','',0,'https://www.guildreams.com/product/one-piece-tcg-awakening-of-the-new-era-booster-box','OP05','',1,30,3,2);
INSERT INTO catalog_producto VALUES(143,'Awakening Of The New Era - Double Pack (DP-02)','',0,'https://www.guildreams.com/product/one-piece-tcg-awakening-of-the-new-era-double-pack','OP05','',1,29,3,2);
INSERT INTO catalog_producto VALUES(144,'Awakening Of The New Era - Booster Pack (OP-05)','',0,'https://www.guildreams.com/product/one-piece-tcg-awakening-of-the-new-era-booster-pack','OP05','',1,32,3,2);
INSERT INTO catalog_producto VALUES(145,'Devil Fruit Collection Vol.1 (DF-01)','',30000,'https://aogeekstore.cl/producto/reserva-devil-fruits-collection-vol-1/','OP03&OP4','',1,28,3,2);
INSERT INTO catalog_producto VALUES(146,'Kingdoms of Intrigue - Double Pack (DP-01)','',12000,'https://aogeekstore.cl/producto/reserva-double-pack-set-volume-1-dp01/','OP04','',1,24,3,2);
INSERT INTO catalog_producto VALUES(147,'MAZO 3 CAPITANES (ST-10)','',47.03999999999999915,'https://www.amazon.com/-/es/Bandai-Piece-Ultra-Deck-ST-10/dp/B0CKX68CVM/ref=sr_1_19?__mk_es_US=%C3%85M%C3%85%C5%BD%C3%95%C3%91&crid=8FK41P4IAFKV&keywords=one+piece+TCG&qid=1701058970&sprefix=one+piece+tc%2Caps%2C227&sr=8-19#customerReviews','','RED&PURPLE',1,10,1,1);
INSERT INTO catalog_producto VALUES(148,'Paramount War - Booster Pack (OP-02)','',0,'https://www.pokesos.cl/producto/one-piece-paramount-war-booster-op-02/','OP02','',1,21,3,2);
INSERT INTO catalog_producto VALUES(149,'Kingdoms of Intrigue - Booster Box (OP-04)','',114990,'https://www.pokesos.cl/producto/one-piece-tcg-kingdoms-of-intrigue-op-04-booster-box/','OP04','',1,25,3,2);
INSERT INTO catalog_producto VALUES(150,'Kingdoms of Intrigue - Double Pack (DP-01)','',11990,'https://www.pokesos.cl/producto/one-piece-tcg-kingdoms-of-intrigue-op-04-double-pack-set-1/','OP04','',1,24,3,2);
INSERT INTO catalog_producto VALUES(151,'Kingdoms of Intrigue - Booster Pack (OP-04)','',5000,'https://www.pokesos.cl/producto/one-piece-kingdoms-of-intrigue-booster-op-04/','OP04','',1,14,3,2);
INSERT INTO catalog_producto VALUES(152,'MAZO BIG MOM (ST-07)','',25000,'https://aogeekstore.cl/producto/reserva-starter-deck-big-mom-st-07/','','YELLOW',1,5,3,1);
INSERT INTO catalog_producto VALUES(153,'MAZO LUFFY (ST-08)','',19990,'https://deckkingdom.cl/products/preventa-starter-deck-monkey-d-luffy-st-08','','BLACK',1,6,3,1);
INSERT INTO catalog_producto VALUES(154,'MAZO YAMATO (ST-09)','',19990,'https://deckkingdom.cl/products/copia-de-preventa-starter-deck-monkey-d-luffy-st-08','','YELLOW',1,7,3,1);
INSERT INTO catalog_producto VALUES(155,'Paramount War - Booster Box (OP-02)','',0,'https://deckkingdom.cl/products/one-piece-tcg-booster-box-parammount-war-op-02','OP02','',1,23,3,2);
INSERT INTO catalog_producto VALUES(156,'Pillars Of Strength - Booster Box (OP-03)','',0,'https://deckkingdom.cl/products/one-piece-tcg-pillars-of-strength-sealed-op-03-booster-box','OP03','',1,15,3,2);
INSERT INTO catalog_producto VALUES(157,'Kingdoms of Intrigue - Booster Box (OP-04)','',119990,'https://deckkingdom.cl/products/one-piece-tcg-kingdoms-of-intrigue-op-04','OP04','',1,25,3,2);
INSERT INTO catalog_producto VALUES(158,'Awakening Of The New Era - Booster Box (OP-05)','',0,'https://deckkingdom.cl/products/preventa-one-piece-tcg-awakening-of-the-new-era-op-05-booster-box','OP05','',1,30,3,2);
INSERT INTO catalog_producto VALUES(159,'Wings Of The Captain - Booster Pack (OP-06)','',5000,'https://www.tiendalacomarca.cl/collections/one-piece-preventas/products/preventa-wing-of-the-capitans-booster-pack','OP06','',1,33,3,2);
INSERT INTO catalog_producto VALUES(160,'Extra Booster Box - Booster Box (EB-01)','',99990,'https://www.tiendalacomarca.cl/products/extra-booster-eb-01-24ct','EB01','',1,34,3,2);
INSERT INTO catalog_producto VALUES(161,'Extra Booster Box - Booster Pack (EB-01)','',5000,'https://www.tiendalacomarca.cl/collections/one-piece-preventas/products/preventa-extra-booster-eb-01','EB01','',1,35,3,2);
INSERT INTO catalog_producto VALUES(162,'Extra Booster Box - Double Pack (DP-04)','',11990,'https://www.tiendalacomarca.cl/collections/one-piece-preventas/products/preventa-double-pack-set-volume-4-dp04','EB01','',1,36,3,2);
INSERT INTO catalog_producto VALUES(163,'Booster Pack (OP-07)','',95000,'https://www.tiendalacomarca.cl/collections/one-piece-preventas/products/preventa-booster-box-op07','OP07','',1,37,3,2);
INSERT INTO catalog_producto VALUES(164,'Booster Box (OP-07)','',5000,'https://www.tiendalacomarca.cl/collections/one-piece-preventas/products/preventa-booster-pack-op07','OP07','',1,38,3,2);
INSERT INTO catalog_producto VALUES(165,'MAZO LUFFY (ST-08)','',17990,'https://www.tiendalacomarca.cl/collections/deck-estrucuras-one-piece/products/starter-deck-monkey-d-luffy','','BLACK',1,6,3,1);
INSERT INTO catalog_producto VALUES(166,'MAZO YAMATO (ST-09)','',17990,'https://www.tiendalacomarca.cl/collections/deck-estrucuras-one-piece/products/starter-deck-yamato','','YELLOW',1,7,3,1);
INSERT INTO catalog_producto VALUES(167,'MAZO UTA (ST-11)','',0,'https://www.tiendalacomarca.cl/collections/one-piece-preventas/products/starter-deck-uta-st11','','GREEN',1,11,3,1);
INSERT INTO catalog_producto VALUES(168,'MAZO ZORO & SANJI (ST-12)','',0,'https://www.tiendalacomarca.cl/collections/one-piece-preventas/products/starter-deck-zoro-and-sanji-st12','','GREEN&BLUE',1,12,3,1);
INSERT INTO catalog_producto VALUES(169,'MAZO 3 HERMANOS (ST-13)','',31990,'https://www.tiendalacomarca.cl/collections/one-piece-preventas/products/copy-of-ultra-deck-the-three-brothers-st-13','','YELLOW&BLACK&BLUE&RED',1,7,3,1);
INSERT INTO catalog_producto VALUES(170,'Kingdoms of Intrigue - Booster Box (OP-04)','',119990,'https://www.tiendalacomarca.cl/collections/cajas-y-sobres-one-piece/products/kingdoms-of-intrigue-booster-box','OP04','',1,25,3,2);
INSERT INTO catalog_producto VALUES(171,'Kingdoms of Intrigue - Double Pack (DP-01)','',12990,'https://www.tiendalacomarca.cl/collections/cajas-y-sobres-one-piece/products/double-pack-set-volume-1','OP04','',1,24,3,2);
INSERT INTO catalog_producto VALUES(172,'Kingdoms of Intrigue - Booster Pack (OP-04)','',6000,'https://www.tiendalacomarca.cl/collections/cajas-y-sobres-one-piece/products/kingdoms-of-intrigue-booster-pack','OP04','',1,14,3,2);
INSERT INTO catalog_producto VALUES(173,'Awakening Of The New Era - Booster Box (OP-05)','',0,'https://www.tiendalacomarca.cl/collections/one-piece-preventas/products/awakening-of-the-new-era-booster-box','OP05','',1,30,3,2);
INSERT INTO catalog_producto VALUES(174,'Awakening Of The New Era - Double Pack (DP-02)','',14990,'https://www.tiendalacomarca.cl/collections/one-piece-preventas/products/double-pack-set-volume-2-dp02','OP05','',1,29,3,2);
INSERT INTO catalog_producto VALUES(175,'Wings Of The Captain - Booster Box (OP-06)','',99990,'https://www.tiendalacomarca.cl/collections/one-piece-preventas/products/flanked-by-legends-booster-box','OP06','',1,17,3,2);
INSERT INTO catalog_producto VALUES(176,'Wings Of The Captain - Double Pack (DP-03)','',11990,'https://www.tiendalacomarca.cl/collections/one-piece-preventas/products/double-pack-set-volume-3-dp03','OP06','',1,16,3,2);
INSERT INTO catalog_producto VALUES(177,'Gift Collection 2023 (GC-01)','',34990,'https://www.tiendalacomarca.cl/collections/premium-set-one-piece/products/gift-collection-2023-display','OP04','',1,18,3,2);
INSERT INTO catalog_producto VALUES(178,'Devil Fruit Collection Vol.1 (DF-01)','',33990,'https://www.tiendalacomarca.cl/collections/one-piece-preventas/products/devil-fruits-collection-vol-1','OP03&OP4','',1,28,3,2);
INSERT INTO catalog_producto VALUES(179,'MAZO BIG MOM (ST-07)','',0,'https://www.storedevastation.com/collections/sealed-one-piece/products/starter-deck-7-big-mom-pirates-starter-deck-7-big-mom-pirates-st-07?variant=42840625348779','','YELLOW',1,5,3,1);
INSERT INTO catalog_producto VALUES(180,'MAZO LUFFY (ST-08)','',0,'https://www.storedevastation.com/collections/sealed-one-piece/products/starter-deck-8-monkey-d-luffy-starter-deck-8-monkey-d-luffy-st-08?variant=42840629870763','','BLACK',1,6,3,1);
INSERT INTO catalog_producto VALUES(181,'MAZO YAMATO (ST-09)','',19990,'https://www.storedevastation.com/collections/sealed-one-piece/products/starter-deck-9-yamato-starter-deck-9-yamato-st-09','','YELLOW',1,7,3,1);
INSERT INTO catalog_producto VALUES(182,'Paramount War - Booster Pack (OP-02)','',0,'https://www.storedevastation.com/collections/sealed-one-piece/products/one-piece-paramount-war-booster','OP02','',1,21,3,2);
INSERT INTO catalog_producto VALUES(183,'Pillars Of Strength - Booster Pack (OP-03)','',0,'https://www.storedevastation.com/collections/sealed-one-piece/products/pillars-of-strength-booster?variant=42840547328171','OP03','',1,20,3,2);
INSERT INTO catalog_producto VALUES(184,'Gift Collection 2023 (GC-01)','',0,'https://www.storedevastation.com/collections/sealed-one-piece/products/gift-collection-2023?variant=42568759181483','OP04','',1,18,3,2);
INSERT INTO catalog_producto VALUES(185,'Devil Fruit Collection Vol.1 (DF-01)','',33990,'https://www.storedevastation.com/collections/sealed-one-piece/products/devil-fruits-collection-vol-1','OP03&OP4','',1,28,3,2);
INSERT INTO catalog_producto VALUES(186,'MAZO LUFFY (ST-08)','',0,'https://lairadelnahuel.cl/producto/starter-deck-8-monkey-d-luffy-st-08/','','BLACK',1,6,3,1);
INSERT INTO catalog_producto VALUES(187,'MAZO YAMATO (ST-09)','',0,'https://lairadelnahuel.cl/producto/starter-deck-9-yamato-st-09/','','YELLOW',1,7,3,1);
INSERT INTO catalog_producto VALUES(188,'MAZO ZORO & SANJI (ST-12)','',14990,'https://lairadelnahuel.cl/producto/starter-deck-12-zoro-and-sanji-st-12/','','GREEN&BLUE',1,12,3,1);
INSERT INTO catalog_producto VALUES(189,'Kingdoms of Intrigue - Booster Box (OP-04)','',0,'https://lairadelnahuel.cl/producto/one-piece-card-game-booster-box-kingdoms-of-intrigue-op-04/','OP04','',1,25,3,2);
INSERT INTO catalog_producto VALUES(190,'Kingdoms of Intrigue - Double Pack (DP-01)','',12990,'https://lairadelnahuel.cl/producto/one-piece-card-game-double-pack-set-vol-1-dp-01/','OP04','',1,24,3,2);
INSERT INTO catalog_producto VALUES(191,'Awakening Of The New Era - Booster Box (OP-05)','',0,'https://lairadelnahuel.cl/producto/one-piece-card-game-booster-box-awakening-of-the-new-era-op05/','OP05','',1,30,3,2);
INSERT INTO catalog_producto VALUES(192,'Gift Collection 2023 (GC-01)','',0,'https://lairadelnahuel.cl/producto/one-piece-card-game-gift-collection-2023-gc01/','OP04','',1,18,3,2);
INSERT INTO catalog_producto VALUES(193,'MAZO LUFFY (ST-08)','',19990,'https://www.ludipuerto.cl/producto/one-piece-card-game-starter-deck-monkey-d-luffy-st-08/','','BLACK',1,6,3,1);
INSERT INTO catalog_producto VALUES(194,'MAZO YAMATO (ST-09)','',19990,'https://www.ludipuerto.cl/producto/one-piece-card-game-starter-deck-yamato-st-09/','','YELLOW',1,7,3,1);
INSERT INTO catalog_producto VALUES(195,'Paramount War - Booster Box (OP-02)','',0,'https://www.ludipuerto.cl/producto/preventa-one-piece-tcg-booster-box-parammount-war-op-02/','OP02','',1,23,3,2);
INSERT INTO catalog_producto VALUES(196,'MAZO LUFFY (ST-08)','',17990,'https://llanowar.cl/producto/one-piece-starter-deck-monkey-d-luffy-st-08/','','BLACK',1,6,3,1);
INSERT INTO catalog_producto VALUES(197,'MAZO YAMATO (ST-09)','',17990,'https://llanowar.cl/producto/one-piece-starter-deck-yamato-st-09/','','YELLOW',1,7,3,1);
INSERT INTO catalog_producto VALUES(198,'MAZO SH LUFFY (ST-01)','',0,'https://www.voidstore.cl/st-01-one-piece-straw-hat-crew','','RED',1,1,3,1);
INSERT INTO catalog_producto VALUES(199,'MAZO KIDD (ST-02)','',0,'https://www.voidstore.cl/st-02-worst-generation','','GREEN',1,2,3,1);
INSERT INTO catalog_producto VALUES(200,'MAZO CROCODILE (ST-03)','',0,'https://www.voidstore.cl/st-03-the-seven-warlords-of-the-sea','','BLUE',1,3,3,1);
INSERT INTO catalog_producto VALUES(201,'MAZO KAIDO (ST-04)','',0,'https://www.voidstore.cl/st-04-animal-kingdom-pirates','','PURPLE',1,8,3,1);
INSERT INTO catalog_producto VALUES(202,'MAZO ONE PIECE RED (ST-05)','',0,'https://www.voidstore.cl/st-05-one-piece-film-edition','','PURPLE',1,4,3,1);
INSERT INTO catalog_producto VALUES(203,'MAZO AKAINU (ST-06)','',0,'https://www.voidstore.cl/preventa-st-6-one-piece-navy','','BLACK',1,9,3,1);
INSERT INTO catalog_producto VALUES(204,'MAZO BIG MOM (ST-07)','',0,'https://www.voidstore.cl/one-piece-card-game-starter-deck-big-mom-pirates-st-07-preventa','','YELLOW',1,5,3,1);
INSERT INTO catalog_producto VALUES(205,'MAZO LUFFY (ST-08)','',17990,'https://www.voidstore.cl/one-piece-card-game-starter-deck-monkey-d-luffy-st-08-preventa','','BLACK',1,6,3,1);
INSERT INTO catalog_producto VALUES(206,'MAZO YAMATO (ST-09)','',17990,'https://www.voidstore.cl/one-piece-card-game-starter-deck-yamato-st-09-preventa','','YELLOW',1,7,3,1);
INSERT INTO catalog_producto VALUES(207,'Romance Dawn - Booster Box (OP-01)','',0,'https://www.voidstore.cl/booster-box-bt1-romance-dawn','OP01','',1,31,3,2);
INSERT INTO catalog_producto VALUES(208,'Paramount War - Booster Pack (OP-02)','',0,'https://www.voidstore.cl/booster-box-bt2-paramount-war','OP02','',1,21,3,2);
INSERT INTO catalog_producto VALUES(209,'Pillars Of Strength - Booster Pack (OP-03)','',0,'https://www.voidstore.cl/preventa-booster-box-bt3-pillars-of-strength','OP03','',1,20,3,2);
INSERT INTO catalog_producto VALUES(210,'Kingdoms of Intrigue - Booster Box (OP-04)','',0,'https://www.voidstore.cl/preventa-booster-box-op04-kingdoms-of-intrigue','OP04','',1,25,3,2);
INSERT INTO catalog_producto VALUES(211,'Kingdoms of Intrigue - Double Pack (DP-01)','',0,'https://www.voidstore.cl/double-pack-set-vol1-dp-01-preventa','OP04','',1,24,3,2);
INSERT INTO catalog_producto VALUES(212,'MAZO LUFFY (ST-08)','',16990,'https://www.wargaming.cl/product/one-piece-starter-deck-8-monkey-d-luffy','','BLACK',1,6,3,1);
INSERT INTO catalog_producto VALUES(213,'MAZO YAMATO (ST-09)','',16990,'https://www.wargaming.cl/product/one-piece-starter-deck-9-yamato','','YELLOW',1,7,3,1);
INSERT INTO catalog_producto VALUES(214,'Kingdoms of Intrigue - Booster Box (OP-04)','',119990,'https://www.wargaming.cl/product/one-piece-tcg-kingdoms-of-intrigue-booster-box-op-04','OP04','',1,25,3,2);
INSERT INTO catalog_producto VALUES(215,'Awakening Of The New Era - Double Pack (DP-02)','',0,'https://www.wargaming.cl/product/one-piece-double-pack-set-vol-2','OP05','',1,29,3,2);
INSERT INTO catalog_producto VALUES(216,'Devil Fruit Collection Vol.1 (DF-01)','',32990,'https://www.wargaming.cl/product/devil-fruits-collection-vol-1-df01','OP03&OP4','',1,28,3,2);
CREATE TABLE IF NOT EXISTS "django_session" (
    "session_key" varchar(40) NOT NULL PRIMARY KEY, "session_data" text NOT NULL, "expire_date" timestamp NOT NULL);
CREATE TABLE IF NOT EXISTS "catalog_card" (
    "id" SERIAL PRIMARY KEY, "name" varchar(100) NOT NULL, "price" decimal NOT NULL, "url" text NOT NULL, "moneda_id" bigint NOT NULL REFERENCES "catalog_moneda" ("id") DEFERRABLE INITIALLY DEFERRED, "carid" varchar(20) NOT NULL);
INSERT INTO catalog_card VALUES(4,'Roronoa Zoro',0.3699999999999999956,'',1,'OP01-001');
INSERT INTO catalog_card VALUES(5,'Trafalgar Law',0.3200000000000000066,'',1,'OP01-002');
INSERT INTO catalog_card VALUES(6,'Monkey D. Luffy',0.25,'',1,'OP01-003');
INSERT INTO catalog_card VALUES(7,'Usopp',0.2000000000000000111,'',1,'OP01-004');
INSERT INTO catalog_card VALUES(8,'Uta',0.2999999999999999889,'',1,'OP01-005');
INSERT INTO catalog_card VALUES(9,'Otama',5.799999999999999823,'',1,'OP01-006');
INSERT INTO catalog_card VALUES(10,'Caribou',0.04000000000000000083,'',1,'OP01-007');
INSERT INTO catalog_card VALUES(11,'Cavendish',0.04000000000000000083,'',1,'OP01-008');
INSERT INTO catalog_card VALUES(12,'Carrot',0.07000000000000000667,'',1,'OP01-009');
INSERT INTO catalog_card VALUES(13,'Komachiyo',0.05999999999999999778,'',1,'OP01-010');
INSERT INTO catalog_card VALUES(14,'Gordon',0.2099999999999999923,'',1,'OP01-011');
INSERT INTO catalog_card VALUES(15,'Sai',0.05000000000000000277,'',1,'OP01-012');
INSERT INTO catalog_card VALUES(16,'Sanji',0.2800000000000000267,'',1,'OP01-013');
INSERT INTO catalog_card VALUES(17,'Jinbe',0.1400000000000000134,'',1,'OP01-014');
INSERT INTO catalog_card VALUES(18,'Tony Tony Chopper',0.1100000000000000005,'',1,'OP01-015');
INSERT INTO catalog_card VALUES(19,'Nami',0.8299999999999999601,'',1,'OP01-016');
INSERT INTO catalog_card VALUES(20,'Nico Robin',0.7299999999999999823,'',1,'OP01-017');
INSERT INTO catalog_card VALUES(21,'Hajrudin',0.02999999999999999889,'',1,'OP01-018');
INSERT INTO catalog_card VALUES(22,'Bartolomeo',0.1199999999999999956,'',1,'OP01-019');
INSERT INTO catalog_card VALUES(23,'Hyogoro',0.05999999999999999778,'',1,'OP01-020');
INSERT INTO catalog_card VALUES(24,'Franky',0.1100000000000000005,'',1,'OP01-021');
INSERT INTO catalog_card VALUES(25,'Brook',0.5600000000000000533,'',1,'OP01-022');
INSERT INTO catalog_card VALUES(26,'Marco',0.02999999999999999889,'',1,'OP01-023');
INSERT INTO catalog_card VALUES(27,'Monkey D. Luffy',1.959999999999999965,'',1,'OP01-024');
INSERT INTO catalog_card VALUES(28,'Roronoa Zoro',1.020000000000000017,'',1,'OP01-025');
INSERT INTO catalog_card VALUES(29,'Gum-Gum Red Hawk',0.8000000000000000444,'',1,'OP01-026');
INSERT INTO catalog_card VALUES(30,'Round Table',0.25,'',1,'OP01-027');
INSERT INTO catalog_card VALUES(31,'Green Star Rafflesia',0.05000000000000000277,'',1,'OP01-028');
INSERT INTO catalog_card VALUES(32,'Radical Beam!!',4.38999999999999968,'',1,'OP01-029');
INSERT INTO catalog_card VALUES(33,'In 2 years!!! To Sabaody',0.3800000000000000044,'',1,'OP01-030');
INSERT INTO catalog_card VALUES(34,'Kozuki Oden',0.2200000000000000011,'',1,'OP01-031');
INSERT INTO catalog_card VALUES(35,'Ashura Douji',0.08999999999999999667,'',1,'OP01-032');
INSERT INTO catalog_card VALUES(36,'Izo',1.550000000000000044,'',1,'OP01-033');
INSERT INTO catalog_card VALUES(37,'Inuarashi',0.05999999999999999778,'',1,'OP01-034');
INSERT INTO catalog_card VALUES(38,'Okiku',0.5,'',1,'OP01-035');
INSERT INTO catalog_card VALUES(39,'Otsuru',0.04000000000000000083,'',1,'OP01-036');
INSERT INTO catalog_card VALUES(40,'Kawamatsu',0.05000000000000000277,'',1,'OP01-037');
INSERT INTO catalog_card VALUES(41,'Kanjuro',0.05000000000000000277,'',1,'OP01-038');
INSERT INTO catalog_card VALUES(42,'Killer',0.4400000000000000022,'',1,'OP01-039');
INSERT INTO catalog_card VALUES(43,'Kin''emon',4.269999999999999573,'',1,'OP01-040');
INSERT INTO catalog_card VALUES(44,'Kozuki Momonosuke',1.899999999999999912,'',1,'OP01-041');
INSERT INTO catalog_card VALUES(45,'Komurasaki',0.1100000000000000005,'',1,'OP01-042');
INSERT INTO catalog_card VALUES(46,'Shinobu',0.05999999999999999778,'',1,'OP01-043');
INSERT INTO catalog_card VALUES(47,'Shachi',0.08000000000000000166,'',1,'OP01-044');
INSERT INTO catalog_card VALUES(48,'Jean Bart',0.04000000000000000083,'',1,'OP01-045');
INSERT INTO catalog_card VALUES(49,'Denjiro',0.6999999999999999556,'',1,'OP01-046');
INSERT INTO catalog_card VALUES(50,'Trafalgar Law',16.69999999999999929,'',1,'OP01-047');
INSERT INTO catalog_card VALUES(51,'Nekomamushi',0.1199999999999999956,'',1,'OP01-048');
INSERT INTO catalog_card VALUES(52,'Bepo',0.1799999999999999934,'',1,'OP01-049');
INSERT INTO catalog_card VALUES(53,'Penguin',0.07000000000000000667,'',1,'OP01-050');
INSERT INTO catalog_card VALUES(54,'Eustass "Captain" Kid',7.639999999999999681,'',1,'OP01-051');
INSERT INTO catalog_card VALUES(55,'Raizo',0.3099999999999999978,'',1,'OP01-052');
INSERT INTO catalog_card VALUES(56,'Wire',0.05999999999999999778,'',1,'OP01-053');
INSERT INTO catalog_card VALUES(57,'X Drake',1,'',1,'OP01-054');
INSERT INTO catalog_card VALUES(58,'You Can Be My Samurai!!',0.05999999999999999778,'',1,'OP01-055');
INSERT INTO catalog_card VALUES(59,'Demon Face',0.1199999999999999956,'',1,'OP01-056');
INSERT INTO catalog_card VALUES(60,'Paradise Waterfall',0.5500000000000000444,'',1,'OP01-057');
INSERT INTO catalog_card VALUES(61,'Punk Gibson',2.700000000000000177,'',1,'OP01-058');
INSERT INTO catalog_card VALUES(62,'Beben!!',0.05000000000000000277,'',1,'OP01-059');
INSERT INTO catalog_card VALUES(63,'Donquixote Doflamingo',0.3200000000000000066,'',1,'OP01-060');
INSERT INTO catalog_card VALUES(64,'Kaido',0.2700000000000000177,'',1,'OP01-061');
INSERT INTO catalog_card VALUES(65,'Crocodile',0.2200000000000000011,'',1,'OP01-062');
INSERT INTO catalog_card VALUES(66,'Arlong',0.1000000000000000055,'',1,'OP01-063');
INSERT INTO catalog_card VALUES(67,'Alvida',0.1799999999999999934,'',1,'OP01-064');
INSERT INTO catalog_card VALUES(68,'Vergo',0.05000000000000000277,'',1,'OP01-065');
INSERT INTO catalog_card VALUES(69,'Krieg',0.04000000000000000083,'',1,'OP01-066');
INSERT INTO catalog_card VALUES(70,'Crocodile',1.030000000000000026,'',1,'OP01-067');
INSERT INTO catalog_card VALUES(71,'Gecko Moria',0.2300000000000000099,'',1,'OP01-068');
INSERT INTO catalog_card VALUES(72,'Caesar Clown',0.1499999999999999945,'',1,'OP01-069');
INSERT INTO catalog_card VALUES(73,'Dracule Mihawk',14.81000000000000049,'',1,'OP01-070');
INSERT INTO catalog_card VALUES(74,'Jinbe',0.1900000000000000022,'',1,'OP01-071');
INSERT INTO catalog_card VALUES(75,'Smiley',0.05000000000000000277,'',1,'OP01-072');
INSERT INTO catalog_card VALUES(76,'Donquixote Doflamingo',2.859999999999999876,'',1,'OP01-073');
INSERT INTO catalog_card VALUES(77,'Bartholomew Kuma',0.3599999999999999867,'',1,'OP01-074');
INSERT INTO catalog_card VALUES(78,'Pacifista',0.3900000000000000133,'',1,'OP01-075');
INSERT INTO catalog_card VALUES(79,'Bellamy',0.02999999999999999889,'',1,'OP01-076');
INSERT INTO catalog_card VALUES(80,'Perona',0.5300000000000000266,'',1,'OP01-077');
INSERT INTO catalog_card VALUES(81,'Boa Hancock',4.259999999999999787,'',1,'OP01-078');
INSERT INTO catalog_card VALUES(82,'Ms. All Sunday',0.7199999999999999734,'',1,'OP01-079');
INSERT INTO catalog_card VALUES(83,'Miss Doublefinger(Zala)',0.05999999999999999778,'',1,'OP01-080');
INSERT INTO catalog_card VALUES(84,'Mocha',0.04000000000000000083,'',1,'OP01-081');
INSERT INTO catalog_card VALUES(85,'Monet',0.05999999999999999778,'',1,'OP01-082');
INSERT INTO catalog_card VALUES(86,'Mr. 1 (Daz Bones)',0.1000000000000000055,'',1,'OP01-083');
INSERT INTO catalog_card VALUES(87,'Mr. 2 Bon Clay (Bentham)',0.2099999999999999923,'',1,'OP01-084');
INSERT INTO catalog_card VALUES(88,'Mr. 3 (Galdino)',0.05999999999999999778,'',1,'OP01-085');
INSERT INTO catalog_card VALUES(89,'Overheat',0.6300000000000000044,'',1,'OP01-086');
INSERT INTO catalog_card VALUES(90,'Officer Agents',0.08000000000000000166,'',1,'OP01-087');
INSERT INTO catalog_card VALUES(91,'Desert Spada',0.6199999999999999956,'',1,'OP01-088');
INSERT INTO catalog_card VALUES(92,'Crescent Cutlass',0.05000000000000000277,'',1,'OP01-089');
INSERT INTO catalog_card VALUES(93,'Baroque Works',0.1300000000000000044,'',1,'OP01-090');
INSERT INTO catalog_card VALUES(94,'King',0.2600000000000000088,'',1,'OP01-091');
INSERT INTO catalog_card VALUES(95,'Urashima',0.1100000000000000005,'',1,'OP01-092');
INSERT INTO catalog_card VALUES(96,'Ulti',0.3099999999999999978,'',1,'OP01-093');
INSERT INTO catalog_card VALUES(97,'Kaido',2.680000000000000159,'',1,'OP01-094');
INSERT INTO catalog_card VALUES(98,'Kyoshirou',0.1199999999999999956,'',1,'OP01-095');
INSERT INTO catalog_card VALUES(99,'King',1.409999999999999921,'',1,'OP01-096');
INSERT INTO catalog_card VALUES(100,'Queen',0.1900000000000000022,'',1,'OP01-097');
INSERT INTO catalog_card VALUES(101,'Kurozumi Orochi',0.07000000000000000667,'',1,'OP01-098');
INSERT INTO catalog_card VALUES(102,'Kurozumi Semimaru',0.05000000000000000277,'',1,'OP01-099');
INSERT INTO catalog_card VALUES(103,'Kurozumi Higurashi',0.1400000000000000134,'',1,'OP01-100');
INSERT INTO catalog_card VALUES(104,'Sasaki',0.4799999999999999823,'',1,'OP01-101');
INSERT INTO catalog_card VALUES(105,'Jack',0.2300000000000000099,'',1,'OP01-102');
INSERT INTO catalog_card VALUES(106,'Scratchmen Apoo',0.1499999999999999945,'',1,'OP01-103');
INSERT INTO catalog_card VALUES(107,'Speed',0.04000000000000000083,'',1,'OP01-104');
INSERT INTO catalog_card VALUES(108,'Bao Huang',0.04000000000000000083,'',1,'OP01-105');
INSERT INTO catalog_card VALUES(109,'Basil Hawkins',1.169999999999999929,'',1,'OP01-106');
INSERT INTO catalog_card VALUES(110,'Babanuki',0.07000000000000000667,'',1,'OP01-107');
INSERT INTO catalog_card VALUES(111,'Kamazo',0.1700000000000000122,'',1,'OP01-108');
INSERT INTO catalog_card VALUES(112,'Who''s.Who',0.08000000000000000166,'',1,'OP01-109');
INSERT INTO catalog_card VALUES(113,'Fukurokuju',0.04000000000000000083,'',1,'OP01-110');
INSERT INTO catalog_card VALUES(114,'Black Maria',0.3400000000000000244,'',1,'OP01-111');
INSERT INTO catalog_card VALUES(115,'Page One',0.2899999999999999801,'',1,'OP01-112');
INSERT INTO catalog_card VALUES(116,'Holdem',0.05000000000000000277,'',1,'OP01-113');
INSERT INTO catalog_card VALUES(117,'X Drake',2.410000000000000142,'',1,'OP01-114');
INSERT INTO catalog_card VALUES(118,'Elephant''s Marchoo',0.05000000000000000277,'',1,'OP01-115');
INSERT INTO catalog_card VALUES(119,'Artificial Devil Fruit SM',0.08999999999999999667,'',1,'OP01-116');
INSERT INTO catalog_card VALUES(120,'Sheep''s Horn',0.1100000000000000005,'',1,'OP01-117');
INSERT INTO catalog_card VALUES(121,'Ulti-Mortar',0.1600000000000000033,'',1,'OP01-118');
INSERT INTO catalog_card VALUES(122,'Thunder Bagua',1.379999999999999894,'',1,'OP01-119');
INSERT INTO catalog_card VALUES(123,'Shanks',18.66000000000000014,'',1,'OP01-120');
INSERT INTO catalog_card VALUES(124,'Yamato',42.39999999999999858,'',1,'OP01-121');
INSERT INTO catalog_card VALUES(125,'Edward Newgate',0.3200000000000000066,'',1,'OP02-001');
INSERT INTO catalog_card VALUES(126,'Monkey D. Garp',0.1799999999999999934,'',1,'OP02-002');
INSERT INTO catalog_card VALUES(127,'Atmos',0.08000000000000000166,'',1,'OP02-003');
INSERT INTO catalog_card VALUES(128,'Edward Newgate',17.48999999999999843,'',1,'OP02-004');
INSERT INTO catalog_card VALUES(129,'Curly Dadan',1.139999999999999902,'',1,'OP02-005');
INSERT INTO catalog_card VALUES(130,'Kingdew',0.05999999999999999778,'',1,'OP02-006');
INSERT INTO catalog_card VALUES(131,'Thatch',0.1000000000000000055,'',1,'OP02-007');
INSERT INTO catalog_card VALUES(132,'Jozu',0.8599999999999999867,'',1,'OP02-008');
INSERT INTO catalog_card VALUES(133,'Squard',0.08000000000000000166,'',1,'OP02-009');
INSERT INTO catalog_card VALUES(134,'Dogura',0.05999999999999999778,'',1,'OP02-010');
INSERT INTO catalog_card VALUES(135,'Vista',0.5600000000000000533,'',1,'OP02-011');
INSERT INTO catalog_card VALUES(136,'Blenheim',0.05999999999999999778,'',1,'OP02-012');
INSERT INTO catalog_card VALUES(137,'Portgas. D. Ace',8.349999999999999645,'',1,'OP02-013');
INSERT INTO catalog_card VALUES(138,'Whitey Bay',0.1100000000000000005,'',1,'OP02-014');
INSERT INTO catalog_card VALUES(139,'Makino',1.25,'',1,'OP02-015');
INSERT INTO catalog_card VALUES(140,'Magra',0.1300000000000000044,'',1,'OP02-016');
INSERT INTO catalog_card VALUES(141,'Masked Deuce',0.1100000000000000005,'',1,'OP02-017');
INSERT INTO catalog_card VALUES(142,'Marco',1.260000000000000008,'',1,'OP02-018');
INSERT INTO catalog_card VALUES(143,'Rakuyo',0.1000000000000000055,'',1,'OP02-019');
INSERT INTO catalog_card VALUES(144,'LittleOars Jr.',0.05000000000000000277,'',1,'OP02-020');
INSERT INTO catalog_card VALUES(145,'Seaquake',0.25,'',1,'OP02-021');
INSERT INTO catalog_card VALUES(146,'Whitebeard Pirates',0.3300000000000000155,'',1,'OP02-022');
INSERT INTO catalog_card VALUES(147,'You May Be a Fool...but I Still Love You',0.05999999999999999778,'',1,'OP02-023');
INSERT INTO catalog_card VALUES(148,'Moby Dick',0.08999999999999999667,'',1,'OP02-024');
INSERT INTO catalog_card VALUES(149,'Kin''emon',0.1499999999999999945,'',1,'OP02-025');
INSERT INTO catalog_card VALUES(150,'Sanji',0.1900000000000000022,'',1,'OP02-026');
INSERT INTO catalog_card VALUES(151,'Inuarashi',0.05999999999999999778,'',1,'OP02-027');
INSERT INTO catalog_card VALUES(152,'Usopp',0.1300000000000000044,'',1,'OP02-028');
INSERT INTO catalog_card VALUES(153,'Carrot',0.2099999999999999923,'',1,'OP02-029');
INSERT INTO catalog_card VALUES(154,'Kozuki Oden',2.370000000000000106,'',1,'OP02-030');
INSERT INTO catalog_card VALUES(155,'Kozuki Toki',0.1799999999999999934,'',1,'OP02-031');
INSERT INTO catalog_card VALUES(156,'Shishilian',0.05999999999999999778,'',1,'OP02-032');
INSERT INTO catalog_card VALUES(157,'Jinbe',0.08000000000000000166,'',1,'OP02-033');
INSERT INTO catalog_card VALUES(158,'Tony Tony.Chopper',0.5400000000000000355,'',1,'OP02-034');
INSERT INTO catalog_card VALUES(159,'Trafalgar Law',0.08999999999999999667,'',1,'OP02-035');
INSERT INTO catalog_card VALUES(160,'Nami',12.52999999999999937,'',1,'OP02-036');
INSERT INTO catalog_card VALUES(161,'Nico Robin',0.1900000000000000022,'',1,'OP02-037');
INSERT INTO catalog_card VALUES(162,'Nekomamushi',0.05999999999999999778,'',1,'OP02-038');
INSERT INTO catalog_card VALUES(163,'Franky',0.1000000000000000055,'',1,'OP02-039');
INSERT INTO catalog_card VALUES(164,'Brook',0.930000000000000048,'',1,'OP02-040');
INSERT INTO catalog_card VALUES(165,'Monkey. D. Luffy',1.120000000000000107,'',1,'OP02-041');
INSERT INTO catalog_card VALUES(166,'Yamato',0.3300000000000000155,'',1,'OP02-042');
INSERT INTO catalog_card VALUES(167,'Roronoa Zoro',0.1799999999999999934,'',1,'OP02-043');
INSERT INTO catalog_card VALUES(168,'Wanda',0.05000000000000000277,'',1,'OP02-044');
INSERT INTO catalog_card VALUES(169,'Three Sword Style: Oni Giri',0.1100000000000000005,'',1,'OP02-045');
INSERT INTO catalog_card VALUES(170,'Diable Jambe Venaison Shoot',0.08999999999999999667,'',1,'OP02-046');
INSERT INTO catalog_card VALUES(171,'Paradise Totsuka',0.3900000000000000133,'',1,'OP02-047');
INSERT INTO catalog_card VALUES(172,'Land of Wano',0.07000000000000000667,'',1,'OP02-048');
INSERT INTO catalog_card VALUES(173,'Emporio Ivankov',0.1700000000000000122,'',1,'OP02-049');
INSERT INTO catalog_card VALUES(174,'Inazuma',0.1400000000000000134,'',1,'OP02-050');
INSERT INTO catalog_card VALUES(175,'Emporio Ivankov',1,'',1,'OP02-051');
INSERT INTO catalog_card VALUES(176,'Cabaji',0.05999999999999999778,'',1,'OP02-052');
INSERT INTO catalog_card VALUES(177,'Crocodile',0.07000000000000000667,'',1,'OP02-053');
INSERT INTO catalog_card VALUES(178,'Gecko Moria',0.08999999999999999667,'',1,'OP02-054');
INSERT INTO catalog_card VALUES(179,'Dracule Mihawk',0.1300000000000000044,'',1,'OP02-055');
INSERT INTO catalog_card VALUES(180,'Donquixote Doflamingo',0.1300000000000000044,'',1,'OP02-056');
INSERT INTO catalog_card VALUES(181,'Bartholomew Kuma',0.08999999999999999667,'',1,'OP02-057');
INSERT INTO catalog_card VALUES(182,'Buggy',0.7700000000000000177,'',1,'OP02-058');
INSERT INTO catalog_card VALUES(183,'Boa Hancock',0.1600000000000000033,'',1,'OP02-059');
INSERT INTO catalog_card VALUES(184,'Mohji',0.04000000000000000083,'',1,'OP02-060');
INSERT INTO catalog_card VALUES(185,'Morley',0.1100000000000000005,'',1,'OP02-061');
INSERT INTO catalog_card VALUES(186,'Monkey. D. Luffy',1.469999999999999974,'',1,'OP02-062');
INSERT INTO catalog_card VALUES(187,'Mr.1(Daz.Bonez)',0.4000000000000000222,'',1,'OP02-063');
INSERT INTO catalog_card VALUES(188,'Mr. 2 Bon Clay (Bentham)',0.2099999999999999923,'',1,'OP02-064');
INSERT INTO catalog_card VALUES(189,'Mr. 3 (Galdino)',0.1700000000000000122,'',1,'OP02-065');
INSERT INTO catalog_card VALUES(190,'Impel Down All Stars',0.1199999999999999956,'',1,'OP02-066');
INSERT INTO catalog_card VALUES(191,'Arabesque Brick Fist',0.4099999999999999756,'',1,'OP02-067');
INSERT INTO catalog_card VALUES(192,'Gum Gum Rain',0.5400000000000000355,'',1,'OP02-068');
INSERT INTO catalog_card VALUES(193,'DEATH WINK',0.1600000000000000033,'',1,'OP02-069');
INSERT INTO catalog_card VALUES(194,'New Kama Land',0.07000000000000000667,'',1,'OP02-070');
INSERT INTO catalog_card VALUES(195,'Magellan',0.1900000000000000022,'',1,'OP02-071');
INSERT INTO catalog_card VALUES(196,'Z',0.1700000000000000122,'',1,'OP02-072');
INSERT INTO catalog_card VALUES(197,'Sadi',0.3599999999999999867,'',1,'OP02-073');
INSERT INTO catalog_card VALUES(198,'Saldeath',0.05000000000000000277,'',1,'OP02-074');
INSERT INTO catalog_card VALUES(199,'Shiki',0.5500000000000000444,'',1,'OP02-075');
INSERT INTO catalog_card VALUES(200,'Shiryu',0.1700000000000000122,'',1,'OP02-076');
INSERT INTO catalog_card VALUES(201,'Solitaire',0.05999999999999999778,'',1,'OP02-077');
INSERT INTO catalog_card VALUES(202,'Daifugo',0.05999999999999999778,'',1,'OP02-078');
INSERT INTO catalog_card VALUES(203,'Douglas Bullet',0.1000000000000000055,'',1,'OP02-079');
INSERT INTO catalog_card VALUES(204,'Dobon',0.04000000000000000083,'',1,'OP02-080');
INSERT INTO catalog_card VALUES(205,'Domino',0.08999999999999999667,'',1,'OP02-081');
INSERT INTO catalog_card VALUES(206,'Byrnndi World',0.07000000000000000667,'',1,'OP02-082');
INSERT INTO catalog_card VALUES(207,'Hanyabal',0.2800000000000000267,'',1,'OP02-083');
INSERT INTO catalog_card VALUES(208,'Blugori',0.05000000000000000277,'',1,'OP02-084');
INSERT INTO catalog_card VALUES(209,'Magellan',13.92999999999999972,'',1,'OP02-085');
INSERT INTO catalog_card VALUES(210,'Minokoala',0.2000000000000000111,'',1,'OP02-086');
INSERT INTO catalog_card VALUES(211,'Minotaur',0.1900000000000000022,'',1,'OP02-087');
INSERT INTO catalog_card VALUES(212,'Sphinx',0.07000000000000000667,'',1,'OP02-088');
INSERT INTO catalog_card VALUES(213,'Hell''s Judgement',0.9200000000000000399,'',1,'OP02-089');
INSERT INTO catalog_card VALUES(214,'Hydra',0.1600000000000000033,'',1,'OP02-090');
INSERT INTO catalog_card VALUES(215,'Venom Road',0.05999999999999999778,'',1,'OP02-091');
INSERT INTO catalog_card VALUES(216,'Impel Down',0.08000000000000000166,'',1,'OP02-092');
INSERT INTO catalog_card VALUES(217,'Smoker',0.25,'',1,'OP02-093');
INSERT INTO catalog_card VALUES(218,'Isuka',0.1300000000000000044,'',1,'OP02-094');
INSERT INTO catalog_card VALUES(219,'Onigumo',0.07000000000000000667,'',1,'OP02-095');
INSERT INTO catalog_card VALUES(220,'Kuzan',20.44000000000000127,'',1,'OP02-096');
INSERT INTO catalog_card VALUES(221,'Komille',0.02999999999999999889,'',1,'OP02-097');
INSERT INTO catalog_card VALUES(222,'Koby',1.129999999999999893,'',1,'OP02-098');
INSERT INTO catalog_card VALUES(223,'Sakazuki',2.100000000000000088,'',1,'OP02-099');
INSERT INTO catalog_card VALUES(224,'Django',0.05000000000000000277,'',1,'OP02-100');
INSERT INTO catalog_card VALUES(225,'Strawberry',0.08999999999999999667,'',1,'OP02-101');
INSERT INTO catalog_card VALUES(226,'Smoker',0.1700000000000000122,'',1,'OP02-102');
INSERT INTO catalog_card VALUES(227,'Sengoku',0.2000000000000000111,'',1,'OP02-103');
INSERT INTO catalog_card VALUES(228,'Sentomaru',0.08000000000000000166,'',1,'OP02-104');
INSERT INTO catalog_card VALUES(229,'Tashigi',0.08000000000000000166,'',1,'OP02-105');
INSERT INTO catalog_card VALUES(230,'Tsuru',2.120000000000000106,'',1,'OP02-106');
INSERT INTO catalog_card VALUES(231,'Doberman',0.02999999999999999889,'',1,'OP02-107');
INSERT INTO catalog_card VALUES(232,'Donquixote Rosinante',0.08000000000000000166,'',1,'OP02-108');
INSERT INTO catalog_card VALUES(233,'Jaguar.D.Saul',0.04000000000000000083,'',1,'OP02-109');
INSERT INTO catalog_card VALUES(234,'Hina',0.5200000000000000177,'',1,'OP02-110');
INSERT INTO catalog_card VALUES(235,'Fullbody',0.05000000000000000277,'',1,'OP02-111');
INSERT INTO catalog_card VALUES(236,'Bell-mre',0.1000000000000000055,'',1,'OP02-112');
INSERT INTO catalog_card VALUES(237,'Helmeppo',0.1000000000000000055,'',1,'OP02-113');
INSERT INTO catalog_card VALUES(238,'Borsalino',36.75999999999999802,'',1,'OP02-114');
INSERT INTO catalog_card VALUES(239,'Monkey.D.Garp',0.4299999999999999934,'',1,'OP02-115');
INSERT INTO catalog_card VALUES(240,'Yamakaji',0.04000000000000000083,'',1,'OP02-116');
INSERT INTO catalog_card VALUES(241,'Ice Age',1.770000000000000017,'',1,'OP02-117');
INSERT INTO catalog_card VALUES(242,'Yasakani Sacred Jewel',0.04000000000000000083,'',1,'OP02-118');
INSERT INTO catalog_card VALUES(243,'Meteor Volcano',0.2200000000000000011,'',1,'OP02-119');
INSERT INTO catalog_card VALUES(244,'Uta',7.25,'',1,'OP02-120');
INSERT INTO catalog_card VALUES(245,'Kuzan',23.28000000000000113,'',1,'OP02-121');
INSERT INTO catalog_card VALUES(246,'Portgas D. Ace',0.1600000000000000033,'',1,'OP03-001');
INSERT INTO catalog_card VALUES(247,'Adio',0.04000000000000000083,'',1,'OP03-002');
INSERT INTO catalog_card VALUES(248,'Izou',0.3800000000000000044,'',1,'OP03-003');
INSERT INTO catalog_card VALUES(249,'Curiel',0.02999999999999999889,'',1,'OP03-004');
INSERT INTO catalog_card VALUES(250,'Thatch',0.1000000000000000055,'',1,'OP03-005');
INSERT INTO catalog_card VALUES(251,'Speed Jil',0.05999999999999999778,'',1,'OP03-006');
INSERT INTO catalog_card VALUES(252,'Namule',0.04000000000000000083,'',1,'OP03-007');
INSERT INTO catalog_card VALUES(253,'Buggy',0.4400000000000000022,'',1,'OP03-008');
INSERT INTO catalog_card VALUES(254,'Haruta',0.07000000000000000667,'',1,'OP03-009');
INSERT INTO catalog_card VALUES(255,'Fossa',0.08999999999999999667,'',1,'OP03-010');
INSERT INTO catalog_card VALUES(256,'Blamenco',0.08999999999999999667,'',1,'OP03-011');
INSERT INTO catalog_card VALUES(257,'Marshall D. Teach',0.1100000000000000005,'',1,'OP03-012');
INSERT INTO catalog_card VALUES(258,'Marco',5.589999999999999858,'',1,'OP03-013');
INSERT INTO catalog_card VALUES(259,'Monkey D. Garp',0.08999999999999999667,'',1,'OP03-014');
INSERT INTO catalog_card VALUES(260,'Lim',0.08999999999999999667,'',1,'OP03-015');
INSERT INTO catalog_card VALUES(261,'Flame Emperor',0.2099999999999999923,'',1,'OP03-016');
INSERT INTO catalog_card VALUES(262,'Cross Fire',0.1000000000000000055,'',1,'OP03-017');
INSERT INTO catalog_card VALUES(263,'Fire Fist',0.5100000000000000088,'',1,'OP03-018');
INSERT INTO catalog_card VALUES(264,'Fiery Doll',0.05999999999999999778,'',1,'OP03-019');
INSERT INTO catalog_card VALUES(265,'Striker',0.05999999999999999778,'',1,'OP03-020');
INSERT INTO catalog_card VALUES(266,'Kuro',0.1300000000000000044,'',1,'OP03-021');
INSERT INTO catalog_card VALUES(267,'Arlong',0.1000000000000000055,'',1,'OP03-022');
INSERT INTO catalog_card VALUES(268,'Alvida',0.04000000000000000083,'',1,'OP03-023');
INSERT INTO catalog_card VALUES(269,'Gin',0.1700000000000000122,'',1,'OP03-024');
INSERT INTO catalog_card VALUES(270,'Krieg',0.75,'',1,'OP03-025');
INSERT INTO catalog_card VALUES(271,'Kuroobi',0.1000000000000000055,'',1,'OP03-026');
INSERT INTO catalog_card VALUES(272,'Sham',0.05999999999999999778,'',1,'OP03-027');
INSERT INTO catalog_card VALUES(273,'Django',0.1100000000000000005,'',1,'OP03-028');
INSERT INTO catalog_card VALUES(274,'Chew',0.08999999999999999667,'',1,'OP03-029');
INSERT INTO catalog_card VALUES(275,'Nami',0.1600000000000000033,'',1,'OP03-030');
INSERT INTO catalog_card VALUES(276,'Pearl',0.05999999999999999778,'',1,'OP03-031');
INSERT INTO catalog_card VALUES(277,'Buggy',0.08999999999999999667,'',1,'OP03-032');
INSERT INTO catalog_card VALUES(278,'Hatchan',0.1199999999999999956,'',1,'OP03-033');
INSERT INTO catalog_card VALUES(279,'Butchie',0.07000000000000000667,'',1,'OP03-034');
INSERT INTO catalog_card VALUES(280,'Momoo',0.07000000000000000667,'',1,'OP03-035');
INSERT INTO catalog_card VALUES(281,'Out-of-the-Bag',0.05999999999999999778,'',1,'OP03-036');
INSERT INTO catalog_card VALUES(282,'Tooth Attack',0.05999999999999999778,'',1,'OP03-037');
INSERT INTO catalog_card VALUES(283,'MH5',0.1300000000000000044,'',1,'OP03-038');
INSERT INTO catalog_card VALUES(284,'One Two Django',0.07000000000000000667,'',1,'OP03-039');
INSERT INTO catalog_card VALUES(285,'Nami',0.2099999999999999923,'',1,'OP03-040');
INSERT INTO catalog_card VALUES(286,'Usopp',0.6999999999999999556,'',1,'OP03-041');
INSERT INTO catalog_card VALUES(287,'Usopp Pirates',0.05999999999999999778,'',1,'OP03-042');
INSERT INTO catalog_card VALUES(288,'Gaimon',0.08000000000000000166,'',1,'OP03-043');
INSERT INTO catalog_card VALUES(289,'Kaya',1.120000000000000107,'',1,'OP03-044');
INSERT INTO catalog_card VALUES(290,'Carne',0.05999999999999999778,'',1,'OP03-045');
INSERT INTO catalog_card VALUES(291,'Genzo',0.04000000000000000083,'',1,'OP03-046');
INSERT INTO catalog_card VALUES(292,'Zeff',0.3300000000000000155,'',1,'OP03-047');
INSERT INTO catalog_card VALUES(293,'Nojiko',0.1700000000000000122,'',1,'OP03-048');
INSERT INTO catalog_card VALUES(294,'Patty',0.07000000000000000667,'',1,'OP03-049');
INSERT INTO catalog_card VALUES(295,'Boodle',0.1199999999999999956,'',1,'OP03-050');
INSERT INTO catalog_card VALUES(296,'Bell-Mre',0.1799999999999999934,'',1,'OP03-051');
INSERT INTO catalog_card VALUES(297,'Merry',0.04000000000000000083,'',1,'OP03-052');
INSERT INTO catalog_card VALUES(298,'Yosaku & Johnny',0.02999999999999999889,'',1,'OP03-053');
INSERT INTO catalog_card VALUES(299,'Usopp''s Rubber Band of Doom!',0.08999999999999999667,'',1,'OP03-054');
INSERT INTO catalog_card VALUES(300,'Gum Gum Giant Gavel',0.1000000000000000055,'',1,'OP03-055');
INSERT INTO catalog_card VALUES(301,'Sanji''s Pilaf',0.8900000000000000133,'',1,'OP03-056');
INSERT INTO catalog_card VALUES(302,'Three Thousand Worlds',2.109999999999999876,'',1,'OP03-057');
INSERT INTO catalog_card VALUES(303,'Iceburg',0.1000000000000000055,'',1,'OP03-058');
INSERT INTO catalog_card VALUES(304,'Kaku',0.07000000000000000667,'',1,'OP03-059');
INSERT INTO catalog_card VALUES(305,'Kalifa',0.6899999999999999467,'',1,'OP03-060');
INSERT INTO catalog_card VALUES(306,'Kiwi & Mozu',0.07000000000000000667,'',1,'OP03-061');
INSERT INTO catalog_card VALUES(307,'Kokoro',0.08999999999999999667,'',1,'OP03-062');
INSERT INTO catalog_card VALUES(308,'Zambai',0.05999999999999999778,'',1,'OP03-063');
INSERT INTO catalog_card VALUES(309,'Tilestone',0.04000000000000000083,'',1,'OP03-064');
INSERT INTO catalog_card VALUES(310,'Chimney & Gonbe',0.05999999999999999778,'',1,'OP03-065');
INSERT INTO catalog_card VALUES(311,'Paulie',4.339999999999999858,'',1,'OP03-066');
INSERT INTO catalog_card VALUES(312,'Peepley Lulu',0.07000000000000000667,'',1,'OP03-067');
INSERT INTO catalog_card VALUES(313,'Minozebra',0.05000000000000000277,'',1,'OP03-068');
INSERT INTO catalog_card VALUES(314,'Minorhinoceros',0.07000000000000000667,'',1,'OP03-069');
INSERT INTO catalog_card VALUES(315,'Monkey D. Luffy',0.1300000000000000044,'',1,'OP03-070');
INSERT INTO catalog_card VALUES(316,'Rob Lucci',0.07000000000000000667,'',1,'OP03-071');
INSERT INTO catalog_card VALUES(317,'Gum Gum Jet Gatling',2.629999999999999894,'',1,'OP03-072');
INSERT INTO catalog_card VALUES(318,'Hull Dismantler Slash',0.02999999999999999889,'',1,'OP03-073');
INSERT INTO catalog_card VALUES(319,'Top Knot',0.1400000000000000134,'',1,'OP03-074');
INSERT INTO catalog_card VALUES(320,'Galley-La Company',0.05999999999999999778,'',1,'OP03-075');
INSERT INTO catalog_card VALUES(321,'Rob Lucci',0.1600000000000000033,'',1,'OP03-076');
INSERT INTO catalog_card VALUES(322,'Charlotte Linlin',0.1100000000000000005,'',1,'OP03-077');
INSERT INTO catalog_card VALUES(323,'Issho',1.020000000000000017,'',1,'OP03-078');
INSERT INTO catalog_card VALUES(324,'Vergo',0.1199999999999999956,'',1,'OP03-079');
INSERT INTO catalog_card VALUES(325,'Kaku',0.6400000000000000133,'',1,'OP03-080');
INSERT INTO catalog_card VALUES(326,'Kalifa',0.1799999999999999934,'',1,'OP03-081');
INSERT INTO catalog_card VALUES(327,'Kumadori',0.08000000000000000166,'',1,'OP03-082');
INSERT INTO catalog_card VALUES(328,'Corgi',0.05000000000000000277,'',1,'OP03-083');
INSERT INTO catalog_card VALUES(329,'Jerry',0.04000000000000000083,'',1,'OP03-084');
INSERT INTO catalog_card VALUES(330,'Jabra',0.07000000000000000667,'',1,'OP03-085');
INSERT INTO catalog_card VALUES(331,'Spandam',0.1499999999999999945,'',1,'OP03-086');
INSERT INTO catalog_card VALUES(332,'Nero',0.05000000000000000277,'',1,'OP03-087');
INSERT INTO catalog_card VALUES(333,'Fukuro',0.25,'',1,'OP03-088');
INSERT INTO catalog_card VALUES(334,'Brannew',1.840000000000000079,'',1,'OP03-089');
INSERT INTO catalog_card VALUES(335,'Blueno',0.1100000000000000005,'',1,'OP03-090');
INSERT INTO catalog_card VALUES(336,'Helmeppo',0.02999999999999999889,'',1,'OP03-091');
INSERT INTO catalog_card VALUES(337,'Rob Lucci',0.4899999999999999912,'',1,'OP03-092');
INSERT INTO catalog_card VALUES(338,'Wanze',0.07000000000000000667,'',1,'OP03-093');
INSERT INTO catalog_card VALUES(339,'Air Door',0.1600000000000000033,'',1,'OP03-094');
INSERT INTO catalog_card VALUES(340,'Soap Sheep',0.08999999999999999667,'',1,'OP03-095');
INSERT INTO catalog_card VALUES(341,'Tempest Kick Sky Slicer',0.1100000000000000005,'',1,'OP03-096');
INSERT INTO catalog_card VALUES(342,'Six King Pistol',0.2200000000000000011,'',1,'OP03-097');
INSERT INTO catalog_card VALUES(343,'Enies Lobby',0.1300000000000000044,'',1,'OP03-098');
INSERT INTO catalog_card VALUES(344,'Charlotte Katakuri',0.1799999999999999934,'',1,'OP03-099');
INSERT INTO catalog_card VALUES(345,'Kingbaum',0.04000000000000000083,'',1,'OP03-100');
INSERT INTO catalog_card VALUES(346,'Camie',0.05000000000000000277,'',1,'OP03-101');
INSERT INTO catalog_card VALUES(347,'Sanji',0.6800000000000000488,'',1,'OP03-102');
INSERT INTO catalog_card VALUES(348,'Bobbin the Disposer',0.02999999999999999889,'',1,'OP03-103');
INSERT INTO catalog_card VALUES(349,'Sharley',0.08999999999999999667,'',1,'OP03-104');
INSERT INTO catalog_card VALUES(350,'Charlotte Oven',0.07000000000000000667,'',1,'OP03-105');
INSERT INTO catalog_card VALUES(351,'Charlotte Opera',0.08000000000000000166,'',1,'OP03-106');
INSERT INTO catalog_card VALUES(352,'Charlotte Galette',0.05999999999999999778,'',1,'OP03-107');
INSERT INTO catalog_card VALUES(353,'Charlotte Cracker',13.41999999999999993,'',1,'OP03-108');
INSERT INTO catalog_card VALUES(354,'Charlotte Chiffon',0.04000000000000000083,'',1,'OP03-109');
INSERT INTO catalog_card VALUES(355,'Charlotte Smoothie',0.3800000000000000044,'',1,'OP03-110');
INSERT INTO catalog_card VALUES(356,'Charlotte Praline',0.07000000000000000667,'',1,'OP03-111');
INSERT INTO catalog_card VALUES(357,'Charlotte Pudding',0.4400000000000000022,'',1,'OP03-112');
INSERT INTO catalog_card VALUES(358,'Charlotte Perospero',4.629999999999999894,'',1,'OP03-113');
INSERT INTO catalog_card VALUES(359,'Charlotte Linlin',4.019999999999999573,'',1,'OP03-114');
INSERT INTO catalog_card VALUES(360,'Streusen',0.4799999999999999823,'',1,'OP03-115');
INSERT INTO catalog_card VALUES(361,'Shirahoshi',0.4899999999999999912,'',1,'OP03-116');
INSERT INTO catalog_card VALUES(362,'Napoleon',0.08000000000000000166,'',1,'OP03-117');
INSERT INTO catalog_card VALUES(363,'Ikoku Sovereignty',0.2600000000000000088,'',1,'OP03-118');
INSERT INTO catalog_card VALUES(364,'Buzz Cut Mochi',0.1100000000000000005,'',1,'OP03-119');
INSERT INTO catalog_card VALUES(365,'Tropical Torment',0.05999999999999999778,'',1,'OP03-120');
INSERT INTO catalog_card VALUES(366,'Thunder Bolt',0.1199999999999999956,'',1,'OP03-121');
INSERT INTO catalog_card VALUES(367,'Sogeking',9.30000000000000072,'',1,'OP03-122');
INSERT INTO catalog_card VALUES(368,'Charlotte Katakuri',75.84999999999999431,'',1,'OP03-123');
INSERT INTO catalog_card VALUES(369,'Nefertari Vivi',0.08000000000000000166,'',1,'OP04-001');
INSERT INTO catalog_card VALUES(370,'Igaram',0.05999999999999999778,'',1,'OP04-002');
INSERT INTO catalog_card VALUES(371,'Usopp',0.07000000000000000667,'',1,'OP04-003');
INSERT INTO catalog_card VALUES(372,'Karoo',0.05000000000000000277,'',1,'OP04-004');
INSERT INTO catalog_card VALUES(373,'Kung-Fu Dugong',0.05999999999999999778,'',1,'OP04-005');
INSERT INTO catalog_card VALUES(374,'Koza',0.05999999999999999778,'',1,'OP04-006');
INSERT INTO catalog_card VALUES(375,'Sanji',0.07000000000000000667,'',1,'OP04-007');
INSERT INTO catalog_card VALUES(376,'Chaka',0.05999999999999999778,'',1,'OP04-008');
INSERT INTO catalog_card VALUES(377,'Super Spot-Billed Duck Troops',0.1000000000000000055,'',1,'OP04-009');
INSERT INTO catalog_card VALUES(378,'Tony Tony Chopper',0.07000000000000000667,'',1,'OP04-010');
INSERT INTO catalog_card VALUES(379,'Nami',0.07000000000000000667,'',1,'OP04-011');
INSERT INTO catalog_card VALUES(380,'Nefertari Cobra',0.05999999999999999778,'',1,'OP04-012');
INSERT INTO catalog_card VALUES(381,'Pell',0.2700000000000000177,'',1,'OP04-013');
INSERT INTO catalog_card VALUES(382,'Monkey D. Luffy',0.07000000000000000667,'',1,'OP04-014');
INSERT INTO catalog_card VALUES(383,'Roronoa Zoro',0.1400000000000000134,'',1,'OP04-015');
INSERT INTO catalog_card VALUES(384,'Bad Manners Kick Course',0.2000000000000000111,'',1,'OP04-016');
INSERT INTO catalog_card VALUES(385,'Happiness Punch',0.05999999999999999778,'',1,'OP04-017');
INSERT INTO catalog_card VALUES(386,'Enchanting Vertigo Dance',0.08999999999999999667,'',1,'OP04-018');
INSERT INTO catalog_card VALUES(387,'Donquixote Doflamingo',0.08000000000000000166,'',1,'OP04-019');
INSERT INTO catalog_card VALUES(388,'Issho',0.07000000000000000667,'',1,'OP04-020');
INSERT INTO catalog_card VALUES(389,'Viola',0.05000000000000000277,'',1,'OP04-021');
INSERT INTO catalog_card VALUES(390,'Eric',0.05000000000000000277,'',1,'OP04-022');
INSERT INTO catalog_card VALUES(391,'Kuro',0.04000000000000000083,'',1,'OP04-023');
INSERT INTO catalog_card VALUES(392,'Sugar',1.290000000000000035,'',1,'OP04-024');
INSERT INTO catalog_card VALUES(393,'Giolla',0.05000000000000000277,'',1,'OP04-025');
INSERT INTO catalog_card VALUES(394,'Senor Pink',0.07000000000000000667,'',1,'OP04-026');
INSERT INTO catalog_card VALUES(395,'Daddy Masterson',0.07000000000000000667,'',1,'OP04-027');
INSERT INTO catalog_card VALUES(396,'Diamante',0.1100000000000000005,'',1,'OP04-028');
INSERT INTO catalog_card VALUES(397,'Dellinger',0.04000000000000000083,'',1,'OP04-029');
INSERT INTO catalog_card VALUES(398,'Trebol',0.08000000000000000166,'',1,'OP04-030');
INSERT INTO catalog_card VALUES(399,'Donquixote Doflamingo',1.679999999999999938,'',1,'OP04-031');
INSERT INTO catalog_card VALUES(400,'Baby 5',0.1000000000000000055,'',1,'OP04-032');
INSERT INTO catalog_card VALUES(401,'Machvise',0.05999999999999999778,'',1,'OP04-033');
INSERT INTO catalog_card VALUES(402,'Lao G',0.05999999999999999778,'',1,'OP04-034');
INSERT INTO catalog_card VALUES(403,'Spiderweb',0.1900000000000000022,'',1,'OP04-035');
INSERT INTO catalog_card VALUES(404,'Donquixote Family',0.08000000000000000166,'',1,'OP04-036');
INSERT INTO catalog_card VALUES(405,'Flapping Thread',0.05999999999999999778,'',1,'OP04-037');
INSERT INTO catalog_card VALUES(406,'The Weak Do Not Have the Right to Choose How They Die!!!',0.05000000000000000277,'',1,'OP04-038');
INSERT INTO catalog_card VALUES(407,'Rebecca',0.08000000000000000166,'',1,'OP04-039');
INSERT INTO catalog_card VALUES(408,'Queen',0.08000000000000000166,'',1,'OP04-040');
INSERT INTO catalog_card VALUES(409,'Apis',0.07000000000000000667,'',1,'OP04-041');
INSERT INTO catalog_card VALUES(410,'Ipponmatsu',0.08999999999999999667,'',1,'OP04-042');
INSERT INTO catalog_card VALUES(411,'Ulti',0.1100000000000000005,'',1,'OP04-043');
INSERT INTO catalog_card VALUES(412,'Kaido',0.8699999999999999956,'',1,'OP04-044');
INSERT INTO catalog_card VALUES(413,'King',0.08000000000000000166,'',1,'OP04-045');
INSERT INTO catalog_card VALUES(414,'Queen',0.05000000000000000277,'',1,'OP04-046');
INSERT INTO catalog_card VALUES(415,'Ice Oni',0.04000000000000000083,'',1,'OP04-047');
INSERT INTO catalog_card VALUES(416,'Sasaki',0.1700000000000000122,'',1,'OP04-048');
INSERT INTO catalog_card VALUES(417,'Jack',0.05000000000000000277,'',1,'OP04-049');
INSERT INTO catalog_card VALUES(418,'Hanger',0.05000000000000000277,'',1,'OP04-050');
INSERT INTO catalog_card VALUES(419,'Who''s Who',0.1499999999999999945,'',1,'OP04-051');
INSERT INTO catalog_card VALUES(420,'Black Maria',0.05000000000000000277,'',1,'OP04-052');
INSERT INTO catalog_card VALUES(421,'Page One',0.07000000000000000667,'',1,'OP04-053');
INSERT INTO catalog_card VALUES(422,'Rokki',0.05000000000000000277,'',1,'OP04-054');
INSERT INTO catalog_card VALUES(423,'Plague Rounds',0.05999999999999999778,'',1,'OP04-055');
INSERT INTO catalog_card VALUES(424,'Gum-Gum Red Roc',0.6300000000000000044,'',1,'OP04-056');
INSERT INTO catalog_card VALUES(425,'Dragon Twister Demolition Breath',0.1000000000000000055,'',1,'OP04-057');
INSERT INTO catalog_card VALUES(426,'Crocodile',0.07000000000000000667,'',1,'OP04-058');
INSERT INTO catalog_card VALUES(427,'Iceburg',0.05000000000000000277,'',1,'OP04-059');
INSERT INTO catalog_card VALUES(428,'Crocodile',0.4299999999999999934,'',1,'OP04-060');
INSERT INTO catalog_card VALUES(429,'Tom',0.04000000000000000083,'',1,'OP04-061');
INSERT INTO catalog_card VALUES(430,'Bananagator',0.05000000000000000277,'',1,'OP04-062');
INSERT INTO catalog_card VALUES(431,'Franky',0.08999999999999999667,'',1,'OP04-063');
INSERT INTO catalog_card VALUES(432,'Ms. All Sunday',1.370000000000000106,'',1,'OP04-064');
INSERT INTO catalog_card VALUES(433,'Miss.Goldenweek(Marianne)',0.05000000000000000277,'',1,'OP04-065');
INSERT INTO catalog_card VALUES(434,'Miss.Valentine(Mikita)',0.1000000000000000055,'',1,'OP04-066');
INSERT INTO catalog_card VALUES(435,'Miss.MerryChristmas',0.04000000000000000083,'',1,'OP04-067');
INSERT INTO catalog_card VALUES(436,'Yokozuna',0.05999999999999999778,'',1,'OP04-068');
INSERT INTO catalog_card VALUES(437,'Mr.2.Bon.Kurei (Bentham)',0.08000000000000000166,'',1,'OP04-069');
INSERT INTO catalog_card VALUES(438,'Mr.3(Galdino)',0.07000000000000000667,'',1,'OP04-070');
INSERT INTO catalog_card VALUES(439,'Mr. 4 (Babe)',0.05000000000000000277,'',1,'OP04-071');
INSERT INTO catalog_card VALUES(440,'Mr. 5 (Gem)',0.07000000000000000667,'',1,'OP04-072');
INSERT INTO catalog_card VALUES(441,'Mr. 13 & Ms. Friday',0.05999999999999999778,'',1,'OP04-073');
INSERT INTO catalog_card VALUES(442,'Colors Trap',0.05999999999999999778,'',1,'OP04-074');
INSERT INTO catalog_card VALUES(443,'Nez-Palm Cannon',0.05000000000000000277,'',1,'OP04-075');
INSERT INTO catalog_card VALUES(444,'Weakness... Is an Unforgivable Sin.',0.05999999999999999778,'',1,'OP04-076');
INSERT INTO catalog_card VALUES(445,'Ideo',0.05000000000000000277,'',1,'OP04-077');
INSERT INTO catalog_card VALUES(446,'Oimo & Kashii',0.05000000000000000277,'',1,'OP04-078');
INSERT INTO catalog_card VALUES(447,'Orlumbus',0.05000000000000000277,'',1,'OP04-079');
INSERT INTO catalog_card VALUES(448,'Gyats',0.1400000000000000134,'',1,'OP04-080');
INSERT INTO catalog_card VALUES(449,'Cavendish',0.08999999999999999667,'',1,'OP04-081');
INSERT INTO catalog_card VALUES(450,'Kyros',0.1199999999999999956,'',1,'OP04-082');
INSERT INTO catalog_card VALUES(451,'Sabo',7.349999999999999645,'',1,'OP04-083');
INSERT INTO catalog_card VALUES(452,'Stussy',0.08999999999999999667,'',1,'OP04-084');
INSERT INTO catalog_card VALUES(453,'Suleiman',0.08000000000000000166,'',1,'OP04-085');
INSERT INTO catalog_card VALUES(454,'Chinjao',0.05999999999999999778,'',1,'OP04-086');
INSERT INTO catalog_card VALUES(455,'Trafalgar Law',0.05999999999999999778,'',1,'OP04-087');
INSERT INTO catalog_card VALUES(456,'Hajrudin',0.05999999999999999778,'',1,'OP04-088');
INSERT INTO catalog_card VALUES(457,'Bartolomeo',0.4199999999999999845,'',1,'OP04-089');
INSERT INTO catalog_card VALUES(458,'Monkey D. Luffy',1.439999999999999947,'',1,'OP04-090');
INSERT INTO catalog_card VALUES(459,'Leo',0.1100000000000000005,'',1,'OP04-091');
INSERT INTO catalog_card VALUES(460,'Rebecca',0.3400000000000000244,'',1,'OP04-092');
INSERT INTO catalog_card VALUES(461,'Gum-Gum King Kong Gun',0.1100000000000000005,'',1,'OP04-093');
INSERT INTO catalog_card VALUES(462,'Trueno Bastardo',0.1400000000000000134,'',1,'OP04-094');
INSERT INTO catalog_card VALUES(463,'Barrier!!',0.05000000000000000277,'',1,'OP04-095');
INSERT INTO catalog_card VALUES(464,'Corrida Colosseum',0.05000000000000000277,'',1,'OP04-096');
INSERT INTO catalog_card VALUES(465,'Otama',0.05000000000000000277,'',1,'OP04-097');
INSERT INTO catalog_card VALUES(466,'Otoko',0.05000000000000000277,'',1,'OP04-098');
INSERT INTO catalog_card VALUES(467,'Olin',0.08999999999999999667,'',1,'OP04-099');
INSERT INTO catalog_card VALUES(468,'Capone "Gang" Bege',1.290000000000000035,'',1,'OP04-100');
INSERT INTO catalog_card VALUES(469,'Carmel',0.08999999999999999667,'',1,'OP04-101');
INSERT INTO catalog_card VALUES(470,'Kin''emon',0.05000000000000000277,'',1,'OP04-102');
INSERT INTO catalog_card VALUES(471,'Kouzuki Hiyori',0.08999999999999999667,'',1,'OP04-103');
INSERT INTO catalog_card VALUES(472,'Sanji',8.890000000000000569,'',1,'OP04-104');
INSERT INTO catalog_card VALUES(473,'Charlotte Amande',0.1300000000000000044,'',1,'OP04-105');
INSERT INTO catalog_card VALUES(474,'Charlotte Bavarois',0.04000000000000000083,'',1,'OP04-106');
INSERT INTO catalog_card VALUES(475,'Charlotte Perospero',0.05999999999999999778,'',1,'OP04-107');
INSERT INTO catalog_card VALUES(476,'Charlotte Moscato',0.08999999999999999667,'',1,'OP04-108');
INSERT INTO catalog_card VALUES(477,'Tonoyasu',0.05999999999999999778,'',1,'OP04-109');
INSERT INTO catalog_card VALUES(478,'Pound',0.08000000000000000166,'',1,'OP04-110');
INSERT INTO catalog_card VALUES(479,'Hera',0.05000000000000000277,'',1,'OP04-111');
INSERT INTO catalog_card VALUES(480,'Yamato',5.519999999999999574,'',1,'OP04-112');
INSERT INTO catalog_card VALUES(481,'Rabiyan',0.04000000000000000083,'',1,'OP04-113');
INSERT INTO catalog_card VALUES(482,'Randolph',0.07000000000000000667,'',1,'OP04-114');
INSERT INTO catalog_card VALUES(483,'Gun Modoki',0.05000000000000000277,'',1,'OP04-115');
INSERT INTO catalog_card VALUES(484,'Diable Jambe Joue Shot',0.07000000000000000667,'',1,'OP04-116');
INSERT INTO catalog_card VALUES(485,'Heavenly Fire',0.1900000000000000022,'',1,'OP04-117');
INSERT INTO catalog_card VALUES(486,'Nefertari Vivi',3.959999999999999965,'',1,'OP04-118');
INSERT INTO catalog_card VALUES(487,'Donquixote Rosinante',3.259999999999999787,'',1,'OP04-119');
INSERT INTO catalog_card VALUES(488,'Sabo',0.1100000000000000005,'',1,'OP05-001');
INSERT INTO catalog_card VALUES(489,'Belo Betty',0.1300000000000000044,'',1,'OP05-002');
INSERT INTO catalog_card VALUES(490,'Inazuma',0.1600000000000000033,'',1,'OP05-003');
INSERT INTO catalog_card VALUES(491,'Emporio Ivankov',0.1900000000000000022,'',1,'OP05-004');
INSERT INTO catalog_card VALUES(492,'Karasu',0.2999999999999999889,'',1,'OP05-005');
INSERT INTO catalog_card VALUES(493,'Koala',2.399999999999999912,'',1,'OP05-006');
INSERT INTO catalog_card VALUES(494,'Sabo',0.3699999999999999956,'',1,'OP05-007');
INSERT INTO catalog_card VALUES(495,'Chaka',0.1100000000000000005,'',1,'OP05-008');
INSERT INTO catalog_card VALUES(496,'Toh-Toh',0.07000000000000000667,'',1,'OP05-009');
INSERT INTO catalog_card VALUES(497,'Nico Robin',0.1600000000000000033,'',1,'OP05-010');
INSERT INTO catalog_card VALUES(498,'Bartholomew Kuma',0.1100000000000000005,'',1,'OP05-011');
INSERT INTO catalog_card VALUES(499,'Hack',0.07000000000000000667,'',1,'OP05-012');
INSERT INTO catalog_card VALUES(500,'Bunny Joe',0.1000000000000000055,'',1,'OP05-013');
INSERT INTO catalog_card VALUES(501,'Pell',0.1000000000000000055,'',1,'OP05-014');
INSERT INTO catalog_card VALUES(502,'Belo Betty',0.2999999999999999889,'',1,'OP05-015');
INSERT INTO catalog_card VALUES(503,'Morley',0.1900000000000000022,'',1,'OP05-016');
INSERT INTO catalog_card VALUES(504,'Lindbergh',0.2300000000000000099,'',1,'OP05-017');
INSERT INTO catalog_card VALUES(505,'Emporio Energy Hormone',0.1100000000000000005,'',1,'OP05-018');
INSERT INTO catalog_card VALUES(506,'Fire Fist',0.1900000000000000022,'',1,'OP05-019');
INSERT INTO catalog_card VALUES(507,'Four Thousand-Brick Fist',0.1199999999999999956,'',1,'OP05-020');
INSERT INTO catalog_card VALUES(508,'Revolutionary Army HQ',0.1300000000000000044,'',1,'OP05-021');
INSERT INTO catalog_card VALUES(509,'Donquixote Rosinante',0.1199999999999999956,'',1,'OP05-022');
INSERT INTO catalog_card VALUES(510,'Vergo',0.07000000000000000667,'',1,'OP05-023');
INSERT INTO catalog_card VALUES(511,'Kuween',0.08000000000000000166,'',1,'OP05-024');
INSERT INTO catalog_card VALUES(512,'Gladius',0.07000000000000000667,'',1,'OP05-025');
INSERT INTO catalog_card VALUES(513,'Sarquiss',0.08000000000000000166,'',1,'OP05-026');
INSERT INTO catalog_card VALUES(514,'Trafalgar Law',0.1100000000000000005,'',1,'OP05-027');
INSERT INTO catalog_card VALUES(515,'Donquixote Doflamingo',0.08999999999999999667,'',1,'OP05-028');
INSERT INTO catalog_card VALUES(516,'Donquixote Doflamingo',0.08999999999999999667,'',1,'OP05-029');
INSERT INTO catalog_card VALUES(517,'Donquixote Rosinante',0.1900000000000000022,'',1,'OP05-030');
INSERT INTO catalog_card VALUES(518,'Buffalo',0.05999999999999999778,'',1,'OP05-031');
INSERT INTO catalog_card VALUES(519,'Pica',0.2700000000000000177,'',1,'OP05-032');
INSERT INTO catalog_card VALUES(520,'Baby 5',0.08000000000000000166,'',1,'OP05-033');
INSERT INTO catalog_card VALUES(521,'Baby 5',0.1700000000000000122,'',1,'OP05-034');
INSERT INTO catalog_card VALUES(522,'Bellamy',0.08999999999999999667,'',1,'OP05-035');
INSERT INTO catalog_card VALUES(523,'Monet',0.08999999999999999667,'',1,'OP05-036');
INSERT INTO catalog_card VALUES(524,'Because the Side of Justice Will Be Whichever Side Wins!!',0.1100000000000000005,'',1,'OP05-037');
INSERT INTO catalog_card VALUES(525,'Charlestone',0.08000000000000000166,'',1,'OP05-038');
INSERT INTO catalog_card VALUES(526,'Stick-Stickem Meteora',0.1100000000000000005,'',1,'OP05-039');
INSERT INTO catalog_card VALUES(527,'Birdcage',0.08999999999999999667,'',1,'OP05-040');
INSERT INTO catalog_card VALUES(528,'Sakazuki',0.1700000000000000122,'',1,'OP05-041');
INSERT INTO catalog_card VALUES(529,'Issho',0.1000000000000000055,'',1,'OP05-042');
INSERT INTO catalog_card VALUES(530,'Ulti',1.010000000000000008,'',1,'OP05-043');
INSERT INTO catalog_card VALUES(531,'John Giant',0.07000000000000000667,'',1,'OP05-044');
INSERT INTO catalog_card VALUES(532,'Stainless',0.08999999999999999667,'',1,'OP05-045');
INSERT INTO catalog_card VALUES(533,'Dalmatian',0.08000000000000000166,'',1,'OP05-046');
INSERT INTO catalog_card VALUES(534,'Basil Hawkins',0.07000000000000000667,'',1,'OP05-047');
INSERT INTO catalog_card VALUES(535,'Bastille',0.1100000000000000005,'',1,'OP05-048');
INSERT INTO catalog_card VALUES(536,'Haccha',0.07000000000000000667,'',1,'OP05-049');
INSERT INTO catalog_card VALUES(537,'Hina',0.1600000000000000033,'',1,'OP05-050');
INSERT INTO catalog_card VALUES(538,'Borsalino',1.469999999999999974,'',1,'OP05-051');
INSERT INTO catalog_card VALUES(539,'Maynard',0.08999999999999999667,'',1,'OP05-052');
INSERT INTO catalog_card VALUES(540,'Mozambia',0.1000000000000000055,'',1,'OP05-053');
INSERT INTO catalog_card VALUES(541,'Monkey.D.Garp',0.1199999999999999956,'',1,'OP05-054');
INSERT INTO catalog_card VALUES(542,'X.Drake',0.1400000000000000134,'',1,'OP05-055');
INSERT INTO catalog_card VALUES(543,'X.Barrels',0.05000000000000000277,'',1,'OP05-056');
INSERT INTO catalog_card VALUES(544,'Hound Blaze',0.2999999999999999889,'',1,'OP05-057');
INSERT INTO catalog_card VALUES(545,'It''s a Waste of Human Life!!',0.05999999999999999778,'',1,'OP05-058');
INSERT INTO catalog_card VALUES(546,'Let Us Begin the World of Violence!!!',0.1000000000000000055,'',1,'OP05-059');
INSERT INTO catalog_card VALUES(547,'Monkey.D.Luffy',0.1600000000000000033,'',1,'OP05-060');
INSERT INTO catalog_card VALUES(548,'Uso-Hachi',0.1499999999999999945,'',1,'OP05-061');
INSERT INTO catalog_card VALUES(549,'O-Nami',0.1100000000000000005,'',1,'OP05-062');
INSERT INTO catalog_card VALUES(550,'O-Robi',0.1000000000000000055,'',1,'OP05-063');
INSERT INTO catalog_card VALUES(551,'Killer',0.1300000000000000044,'',1,'OP05-064');
INSERT INTO catalog_card VALUES(552,'San-Gorou',0.1400000000000000134,'',1,'OP05-065');
INSERT INTO catalog_card VALUES(553,'Jinbe',0.1000000000000000055,'',1,'OP05-066');
INSERT INTO catalog_card VALUES(554,'Zoro-Juurou',0.7800000000000000266,'',1,'OP05-067');
INSERT INTO catalog_card VALUES(555,'Chopa-Emon',0.1000000000000000055,'',1,'OP05-068');
INSERT INTO catalog_card VALUES(556,'Trafalgar Law',0.8499999999999999778,'',1,'OP05-069');
INSERT INTO catalog_card VALUES(557,'Fra-Nosuke',0.2399999999999999912,'',1,'OP05-070');
INSERT INTO catalog_card VALUES(558,'Bepo',0.1199999999999999956,'',1,'OP05-071');
INSERT INTO catalog_card VALUES(559,'Hone-Kichi',0.1100000000000000005,'',1,'OP05-072');
INSERT INTO catalog_card VALUES(560,'Miss Doublefinger (Zala)',0.2700000000000000177,'',1,'OP05-073');
INSERT INTO catalog_card VALUES(561,'Eustass"Captain"Kid',8.02999999999999936,'',1,'OP05-074');
INSERT INTO catalog_card VALUES(562,'Mr.1(Daz.Bonez)',0.1000000000000000055,'',1,'OP05-075');
INSERT INTO catalog_card VALUES(563,'When You''re at Sea You Fight against Pirates!!',0.1499999999999999945,'',1,'OP05-076');
INSERT INTO catalog_card VALUES(564,'Gamma Knife',0.1400000000000000134,'',1,'OP05-077');
INSERT INTO catalog_card VALUES(565,'Punk Rotten',0.1199999999999999956,'',1,'OP05-078');
INSERT INTO catalog_card VALUES(566,'Viola',0.08999999999999999667,'',1,'OP05-079');
INSERT INTO catalog_card VALUES(567,'Elizabello II',0.1300000000000000044,'',1,'OP05-080');
INSERT INTO catalog_card VALUES(568,'One-Legged Toy Soldier',0.1300000000000000044,'',1,'OP05-081');
INSERT INTO catalog_card VALUES(569,'Shirahoshi',0.1400000000000000134,'',1,'OP05-082');
INSERT INTO catalog_card VALUES(570,'Sterry',0.05000000000000000277,'',1,'OP05-083');
INSERT INTO catalog_card VALUES(571,'Saint Charlos',0.07000000000000000667,'',1,'OP05-084');
INSERT INTO catalog_card VALUES(572,'Nefeltari Cobra',0.1000000000000000055,'',1,'OP05-085');
INSERT INTO catalog_card VALUES(573,'Nefeltari Vivi',0.1300000000000000044,'',1,'OP05-086');
INSERT INTO catalog_card VALUES(574,'Hakuba',0.1000000000000000055,'',1,'OP05-087');
INSERT INTO catalog_card VALUES(575,'Mansherry',0.2899999999999999801,'',1,'OP05-088');
INSERT INTO catalog_card VALUES(576,'Saint Mjosgard',0.05999999999999999778,'',1,'OP05-089');
INSERT INTO catalog_card VALUES(577,'Riku Doldo III',0.1000000000000000055,'',1,'OP05-090');
INSERT INTO catalog_card VALUES(578,'Rebecca',5.780000000000000248,'',1,'OP05-091');
INSERT INTO catalog_card VALUES(579,'Saint Rosward',0.1000000000000000055,'',1,'OP05-092');
INSERT INTO catalog_card VALUES(580,'Rob Lucci',2.740000000000000213,'',1,'OP05-093');
INSERT INTO catalog_card VALUES(581,'Haute Couture PatchWork',0.08000000000000000166,'',1,'OP05-094');
INSERT INTO catalog_card VALUES(582,'Dragon Claw',0.08000000000000000166,'',1,'OP05-095');
INSERT INTO catalog_card VALUES(583,'I Bid 500 Million!!',0.07000000000000000667,'',1,'OP05-096');
INSERT INTO catalog_card VALUES(584,'Mary Geoise',0.05999999999999999778,'',1,'OP05-097');
INSERT INTO catalog_card VALUES(585,'Enel',0.1499999999999999945,'',1,'OP05-098');
INSERT INTO catalog_card VALUES(586,'Amazon',0.1199999999999999956,'',1,'OP05-099');
INSERT INTO catalog_card VALUES(587,'Enel',1.889999999999999903,'',1,'OP05-100');
INSERT INTO catalog_card VALUES(588,'Ohm',0.2600000000000000088,'',1,'OP05-101');
INSERT INTO catalog_card VALUES(589,'Gedatsu',0.4799999999999999823,'',1,'OP05-102');
INSERT INTO catalog_card VALUES(590,'Kotori',0.08999999999999999667,'',1,'OP05-103');
INSERT INTO catalog_card VALUES(591,'Conis',0.1400000000000000134,'',1,'OP05-104');
INSERT INTO catalog_card VALUES(592,'Satori',0.4500000000000000111,'',1,'OP05-105');
INSERT INTO catalog_card VALUES(593,'Shura',0.2000000000000000111,'',1,'OP05-106');
INSERT INTO catalog_card VALUES(594,'Lieutenant Spacey',0.05000000000000000277,'',1,'OP05-107');
INSERT INTO catalog_card VALUES(595,'Nola',0.08999999999999999667,'',1,'OP05-108');
INSERT INTO catalog_card VALUES(596,'Pagaya',0.05999999999999999778,'',1,'OP05-109');
INSERT INTO catalog_card VALUES(597,'Holly',0.1199999999999999956,'',1,'OP05-110');
INSERT INTO catalog_card VALUES(598,'Hotori',0.1100000000000000005,'',1,'OP05-111');
INSERT INTO catalog_card VALUES(599,'Captain McKinley',0.08999999999999999667,'',1,'OP05-112');
INSERT INTO catalog_card VALUES(600,'Yama',0.1100000000000000005,'',1,'OP05-113');
INSERT INTO catalog_card VALUES(601,'El Thor',0.2000000000000000111,'',1,'OP05-114');
INSERT INTO catalog_card VALUES(602,'Two-Hundred Million Volts Amaru',0.1499999999999999945,'',1,'OP05-115');
INSERT INTO catalog_card VALUES(603,'Hino Bird Zap',0.08000000000000000166,'',1,'OP05-116');
INSERT INTO catalog_card VALUES(604,'Upper Yard',0.08000000000000000166,'',1,'OP05-117');
INSERT INTO catalog_card VALUES(605,'Kaido',7.860000000000000319,'',1,'OP05-118');
INSERT INTO catalog_card VALUES(606,'Monkey.D.Luffy',18.05000000000000071,'',1,'OP05-119');
INSERT INTO catalog_card VALUES(607,'Uta',0,'',1,'OP06-001');
INSERT INTO catalog_card VALUES(608,'Inazuma',0,'',1,'OP06-002');
INSERT INTO catalog_card VALUES(609,'Emporio Ivankov',0,'',1,'OP06-003');
INSERT INTO catalog_card VALUES(610,'Gasparde',0,'',1,'OP06-005');
INSERT INTO catalog_card VALUES(611,'Shanks',0,'',1,'OP06-007');
INSERT INTO catalog_card VALUES(612,'Schneider',0,'',1,'OP06-008');
INSERT INTO catalog_card VALUES(613,'Shuraiya',0,'',1,'OP06-009');
INSERT INTO catalog_card VALUES(614,'Douglas Bullet',0,'',1,'OP06-010');
INSERT INTO catalog_card VALUES(615,'Tot Musica',0,'',1,'OP06-011');
INSERT INTO catalog_card VALUES(616,'Ratchet',0,'',1,'OP06-014');
INSERT INTO catalog_card VALUES(617,'Lily Carnation',0,'',1,'OP06-015');
INSERT INTO catalog_card VALUES(618,'Raise Max',0,'',1,'OP06-016');
INSERT INTO catalog_card VALUES(619,'Gum Gum King Kong Gatling',0,'',1,'OP06-018');
INSERT INTO catalog_card VALUES(620,'Gecko Moria',0,'',1,'OP06-080');
INSERT INTO catalog_card VALUES(621,'Absalom',0,'',1,'OP06-081');
INSERT INTO catalog_card VALUES(622,'Inuppe',0,'',1,'OP06-082');
INSERT INTO catalog_card VALUES(623,'Oars',0,'',1,'OP06-083');
INSERT INTO catalog_card VALUES(624,'Gecko Moria',0,'',1,'OP06-086');
INSERT INTO catalog_card VALUES(625,'Cerberus',0,'',1,'OP06-088');
INSERT INTO catalog_card VALUES(626,'Tararan',0,'',1,'OP06-089');
INSERT INTO catalog_card VALUES(627,'Doctor Hogback',0,'',1,'OP06-090');
INSERT INTO catalog_card VALUES(628,'Brook',0,'',1,'OP06-092');
INSERT INTO catalog_card VALUES(629,'Perona',0,'',1,'OP06-093');
INSERT INTO catalog_card VALUES(630,'Lola',0,'',1,'OP06-094');
INSERT INTO catalog_card VALUES(631,'Thriller Bark',0,'',1,'OP06-098');
INSERT INTO catalog_card VALUES(632,'Roronoa Zoro',0,'',1,'OP06-118');
INSERT INTO catalog_card VALUES(633,'Sanji',0,'',1,'OP06-119');
INSERT INTO catalog_card VALUES(634,'Monkey D. Luffy',0.8900000000000000133,'',1,'P-001');
INSERT INTO catalog_card VALUES(635,'I Smell Adventure Ahead',2.729999999999999983,'',1,'P-002');
INSERT INTO catalog_card VALUES(636,'Eustass "Captain" Kid',6.25,'',1,'P-003');
INSERT INTO catalog_card VALUES(637,'Crocodile',1.479999999999999983,'',1,'P-004');
INSERT INTO catalog_card VALUES(638,'Kaido',1.760000000000000008,'',1,'P-005');
INSERT INTO catalog_card VALUES(639,'Monkey D. Luffy',6.519999999999999574,'',1,'P-006');
INSERT INTO catalog_card VALUES(640,'Monkey D. Luffy',0.8599999999999999867,'',1,'P-007');
INSERT INTO catalog_card VALUES(641,'Yamato',3.319999999999999841,'',1,'P-008');
INSERT INTO catalog_card VALUES(642,'Trafalgar Law',6.639999999999999681,'',1,'P-009');
INSERT INTO catalog_card VALUES(643,'Kaido',2.810000000000000053,'',1,'P-010');
INSERT INTO catalog_card VALUES(644,'Uta',0.4500000000000000111,'',1,'P-011');
INSERT INTO catalog_card VALUES(645,'Jellyfish Pirates',0.1700000000000000122,'',1,'P-012');
INSERT INTO catalog_card VALUES(646,'Gordon',17.26999999999999958,'',1,'P-013');
INSERT INTO catalog_card VALUES(647,'Koby',2.310000000000000053,'',1,'P-014');
INSERT INTO catalog_card VALUES(648,'Sunny-kun',3.080000000000000071,'',1,'P-015');
INSERT INTO catalog_card VALUES(649,'Shanks',0.6700000000000000399,'',1,'P-016');
INSERT INTO catalog_card VALUES(650,'Trafalgar Law',7.219999999999999752,'',1,'P-017');
INSERT INTO catalog_card VALUES(651,'Bartolomeo',0.5600000000000000533,'',1,'P-018');
INSERT INTO catalog_card VALUES(652,'Bepo',2.620000000000000106,'',1,'P-019');
INSERT INTO catalog_card VALUES(653,'Helmeppo',0.3800000000000000044,'',1,'P-020');
INSERT INTO catalog_card VALUES(654,'Ben Beckman',0.3300000000000000155,'',1,'P-021');
INSERT INTO catalog_card VALUES(655,'Monkey D. Luffy',2.939999999999999947,'',1,'P-022');
INSERT INTO catalog_card VALUES(656,'Yasopp',0.5200000000000000177,'',1,'P-023');
INSERT INTO catalog_card VALUES(657,'I''m Gonna Be King of the Pirates!!',5.110000000000000319,'',1,'P-024');
INSERT INTO catalog_card VALUES(658,'Smoker',1.989999999999999992,'',1,'P-025');
INSERT INTO catalog_card VALUES(659,'Morgan',1.280000000000000026,'',1,'P-026');
INSERT INTO catalog_card VALUES(660,'General Franky',8.589999999999999858,'',1,'P-027');
INSERT INTO catalog_card VALUES(661,'Portgas. D. Ace',7.360000000000000319,'',1,'P-028');
INSERT INTO catalog_card VALUES(662,'Bartolomeo',50.89000000000000056,'',1,'P-029');
INSERT INTO catalog_card VALUES(663,'Jinbe',37.6700000000000017,'',1,'P-030');
INSERT INTO catalog_card VALUES(664,'Uta',16.41000000000000014,'',1,'P-031');
INSERT INTO catalog_card VALUES(665,'Sengoku',12.81000000000000049,'',1,'P-032');
INSERT INTO catalog_card VALUES(666,'Monkey D. Luffy',22.75,'',1,'P-033');
INSERT INTO catalog_card VALUES(667,'Sanji',6.959999999999999965,'',1,'P-034');
INSERT INTO catalog_card VALUES(668,'Monkey D. Luffy',2.189999999999999947,'',1,'P-035');
INSERT INTO catalog_card VALUES(669,'Monkey D. Luffy',3.25,'',1,'P-036');
INSERT INTO catalog_card VALUES(670,'Monkey D. Luffy',3.089999999999999858,'',1,'P-037');
INSERT INTO catalog_card VALUES(671,'Trafalgar Law',0,'',1,'P-038');
INSERT INTO catalog_card VALUES(672,'Bellamy',3.390000000000000124,'',1,'P-039');
INSERT INTO catalog_card VALUES(673,'Roronoa Zoro',0,'',1,'P-042');
INSERT INTO catalog_card VALUES(674,'Monkey D. Luffy',0.4899999999999999912,'',1,'ST01-001');
INSERT INTO catalog_card VALUES(675,'Usopp',0.07000000000000000667,'',1,'ST01-002');
INSERT INTO catalog_card VALUES(676,'Karoo',0.08999999999999999667,'',1,'ST01-003');
INSERT INTO catalog_card VALUES(677,'Sanji',0.1400000000000000134,'',1,'ST01-004');
INSERT INTO catalog_card VALUES(678,'Jinbe',0.1300000000000000044,'',1,'ST01-005');
INSERT INTO catalog_card VALUES(679,'Tony Tony Chopper',0.9200000000000000399,'',1,'ST01-006');
INSERT INTO catalog_card VALUES(680,'Nami',0.2300000000000000099,'',1,'ST01-007');
INSERT INTO catalog_card VALUES(681,'Nico Robin',0.1100000000000000005,'',1,'ST01-008');
INSERT INTO catalog_card VALUES(682,'Nefertari Vivi',0.08999999999999999667,'',1,'ST01-009');
INSERT INTO catalog_card VALUES(683,'Franky',0.1600000000000000033,'',1,'ST01-010');
INSERT INTO catalog_card VALUES(684,'Brook',0.7700000000000000177,'',1,'ST01-011');
INSERT INTO catalog_card VALUES(685,'Monkey D. Luffy',4.929999999999999716,'',1,'ST01-012');
INSERT INTO catalog_card VALUES(686,'Roronoa Zoro',0.6999999999999999556,'',1,'ST01-013');
INSERT INTO catalog_card VALUES(687,'Guard Point',2.580000000000000071,'',1,'ST01-014');
INSERT INTO catalog_card VALUES(688,'Jet Pistol',1.070000000000000062,'',1,'ST01-015');
INSERT INTO catalog_card VALUES(689,'Diable Jambe',3.609999999999999876,'',1,'ST01-016');
INSERT INTO catalog_card VALUES(690,'Thousand Sunny',0.1700000000000000122,'',1,'ST01-017');
INSERT INTO catalog_card VALUES(691,'Eustass "Captain" Kid',5.889999999999999681,'',1,'ST02-001');
INSERT INTO catalog_card VALUES(692,'Vito',0.08000000000000000166,'',1,'ST02-002');
INSERT INTO catalog_card VALUES(693,'Urouge',0.1400000000000000134,'',1,'ST02-003');
INSERT INTO catalog_card VALUES(694,'Capone "Gang" Bege',1.729999999999999983,'',1,'ST02-004');
INSERT INTO catalog_card VALUES(695,'Killer',0.1900000000000000022,'',1,'ST02-005');
INSERT INTO catalog_card VALUES(696,'Koby',0.08999999999999999667,'',1,'ST02-006');
INSERT INTO catalog_card VALUES(697,'Jewelry Bonney',0.589999999999999969,'',1,'ST02-007');
INSERT INTO catalog_card VALUES(698,'Scratchmen Apoo',0.4799999999999999823,'',1,'ST02-008');
INSERT INTO catalog_card VALUES(699,'Trafalgar Law',2.319999999999999841,'',1,'ST02-009');
INSERT INTO catalog_card VALUES(700,'Basil Hawkins',2.240000000000000214,'',1,'ST02-010');
INSERT INTO catalog_card VALUES(701,'Heat',0.08000000000000000166,'',1,'ST02-011');
INSERT INTO catalog_card VALUES(702,'Bepo',0.1000000000000000055,'',1,'ST02-012');
INSERT INTO catalog_card VALUES(703,'Eustass "Captain" Kid',0.75,'',1,'ST02-013');
INSERT INTO catalog_card VALUES(704,'X Drake',0.2000000000000000111,'',1,'ST02-014');
INSERT INTO catalog_card VALUES(705,'Scalpel',0.25,'',1,'ST02-015');
INSERT INTO catalog_card VALUES(706,'Repel',0.1700000000000000122,'',1,'ST02-016');
INSERT INTO catalog_card VALUES(707,'Straw Sword',0.1700000000000000122,'',1,'ST02-017');
INSERT INTO catalog_card VALUES(708,'Crocodile',0.3599999999999999867,'',1,'ST03-001');
INSERT INTO catalog_card VALUES(709,'Edward Weevil',0.07000000000000000667,'',1,'ST03-002');
INSERT INTO catalog_card VALUES(710,'Crocodile',0.5699999999999999512,'',1,'ST03-003');
INSERT INTO catalog_card VALUES(711,'Gecko Moria',0.5300000000000000266,'',1,'ST03-004');
INSERT INTO catalog_card VALUES(712,'Dracule Mihawk',0.5100000000000000088,'',1,'ST03-005');
INSERT INTO catalog_card VALUES(713,'Jinbe',0.05999999999999999778,'',1,'ST03-006');
INSERT INTO catalog_card VALUES(714,'Sentomaru',0.4299999999999999934,'',1,'ST03-007');
INSERT INTO catalog_card VALUES(715,'Trafalgar Law',1.060000000000000053,'',1,'ST03-008');
INSERT INTO catalog_card VALUES(716,'Donquixote Doflamingo',1.610000000000000097,'',1,'ST03-009');
INSERT INTO catalog_card VALUES(717,'Bartholomew Kuma',0.08000000000000000166,'',1,'ST03-010');
INSERT INTO catalog_card VALUES(718,'Buggy',0.08999999999999999667,'',1,'ST03-011');
INSERT INTO catalog_card VALUES(719,'Pacifista',0.2700000000000000177,'',1,'ST03-012');
INSERT INTO catalog_card VALUES(720,'Boa Hancock',0.589999999999999969,'',1,'ST03-013');
INSERT INTO catalog_card VALUES(721,'Marshall D. Teach',0.2600000000000000088,'',1,'ST03-014');
INSERT INTO catalog_card VALUES(722,'Sables',0.1799999999999999934,'',1,'ST03-015');
INSERT INTO catalog_card VALUES(723,'Thrust Pad Cannon',0.07000000000000000667,'',1,'ST03-016');
INSERT INTO catalog_card VALUES(724,'Love-Love Mellow',7.080000000000000071,'',1,'ST03-017');
INSERT INTO catalog_card VALUES(725,'Kaido',0.3099999999999999978,'',1,'ST04-001');
INSERT INTO catalog_card VALUES(726,'Ulti',1.489999999999999992,'',1,'ST04-002');
INSERT INTO catalog_card VALUES(727,'Kaido',4.129999999999999894,'',1,'ST04-003');
INSERT INTO catalog_card VALUES(728,'King',1.179999999999999938,'',1,'ST04-004');
INSERT INTO catalog_card VALUES(729,'Queen',36.75,'',1,'ST04-005');
INSERT INTO catalog_card VALUES(730,'Sasaki',0.1300000000000000044,'',1,'ST04-006');
INSERT INTO catalog_card VALUES(731,'Sheepshead ',0.08999999999999999667,'',1,'ST04-007');
INSERT INTO catalog_card VALUES(732,'Jack',0.2200000000000000011,'',1,'ST04-008');
INSERT INTO catalog_card VALUES(733,'Ginrummy',0.08000000000000000166,'',1,'ST04-009');
INSERT INTO catalog_card VALUES(734,'Who''s who',0.1600000000000000033,'',1,'ST04-010');
INSERT INTO catalog_card VALUES(735,'Black Maria',0.1100000000000000005,'',1,'ST04-011');
INSERT INTO catalog_card VALUES(736,'Page One',1.530000000000000026,'',1,'ST04-012');
INSERT INTO catalog_card VALUES(737,'X Drake',0.1700000000000000122,'',1,'ST04-013');
INSERT INTO catalog_card VALUES(738,'Lead Performer "Disaster"',1.760000000000000008,'',1,'ST04-014');
INSERT INTO catalog_card VALUES(739,'Brachio Bomber',0.1499999999999999945,'',1,'ST04-015');
INSERT INTO catalog_card VALUES(740,'Blast Breath',1.199999999999999956,'',1,'ST04-016');
INSERT INTO catalog_card VALUES(741,'Onigashima ',0.1799999999999999934,'',1,'ST04-017');
INSERT INTO catalog_card VALUES(742,'Shanks',0.4500000000000000111,'',1,'ST05-001');
INSERT INTO catalog_card VALUES(743,'Ain',0.3800000000000000044,'',1,'ST05-002');
INSERT INTO catalog_card VALUES(744,'Ann',0.1100000000000000005,'',1,'ST05-003');
INSERT INTO catalog_card VALUES(745,'Uta',14.16000000000000014,'',1,'ST05-004');
INSERT INTO catalog_card VALUES(746,'Carina',0.3099999999999999978,'',1,'ST05-005');
INSERT INTO catalog_card VALUES(747,'Gild Tesoro',2.959999999999999965,'',1,'ST05-006');
INSERT INTO catalog_card VALUES(748,'Gordon',0.05999999999999999778,'',1,'ST05-007');
INSERT INTO catalog_card VALUES(749,'Shiki',0.3099999999999999978,'',1,'ST05-008');
INSERT INTO catalog_card VALUES(750,'Scarlet',0.07000000000000000667,'',1,'ST05-009');
INSERT INTO catalog_card VALUES(751,'Z',0.1900000000000000022,'',1,'ST05-010');
INSERT INTO catalog_card VALUES(752,'Douglass Bullet',1.719999999999999974,'',1,'ST05-011');
INSERT INTO catalog_card VALUES(753,'Baccarat',0.1499999999999999945,'',1,'ST05-012');
INSERT INTO catalog_card VALUES(754,'Binz',0.1499999999999999945,'',1,'ST05-013');
INSERT INTO catalog_card VALUES(755,'Buena Fiesta',0.7600000000000000088,'',1,'ST05-014');
INSERT INTO catalog_card VALUES(756,'Dr. Indigo',0.05000000000000000277,'',1,'ST05-015');
INSERT INTO catalog_card VALUES(757,'Lion''s Threat: Imperial Earth Bind',0.2300000000000000099,'',1,'ST05-016');
INSERT INTO catalog_card VALUES(758,'Union Armado',0.5999999999999999778,'',1,'ST05-017');
INSERT INTO catalog_card VALUES(759,'Sakazuki',0.4199999999999999845,'',1,'ST06-001');
INSERT INTO catalog_card VALUES(760,'Koby',0.1600000000000000033,'',1,'ST06-002');
INSERT INTO catalog_card VALUES(761,'Django',0.07000000000000000667,'',1,'ST06-003');
INSERT INTO catalog_card VALUES(762,'Smoker',0.989999999999999992,'',1,'ST06-004');
INSERT INTO catalog_card VALUES(763,'Sengoku',0.08000000000000000166,'',1,'ST06-005');
INSERT INTO catalog_card VALUES(764,'Tashigi',0.969999999999999974,'',1,'ST06-006');
INSERT INTO catalog_card VALUES(765,'Tsuru',0.1300000000000000044,'',1,'ST06-007');
INSERT INTO catalog_card VALUES(766,'Hina',11.49000000000000021,'',1,'ST06-008');
INSERT INTO catalog_card VALUES(767,'Fullbody',0.07000000000000000667,'',1,'ST06-009');
INSERT INTO catalog_card VALUES(768,'Helmeppo',1.060000000000000053,'',1,'ST06-010');
INSERT INTO catalog_card VALUES(769,'Momonga',0.07000000000000000667,'',1,'ST06-011');
INSERT INTO catalog_card VALUES(770,'Monkey D. Garp',1.969999999999999974,'',1,'ST06-012');
INSERT INTO catalog_card VALUES(771,'T-Bone',0.07000000000000000667,'',1,'ST06-013');
INSERT INTO catalog_card VALUES(772,'Shockwave',1.610000000000000097,'',1,'ST06-014');
INSERT INTO catalog_card VALUES(773,'Great Eruption',18.66000000000000014,'',1,'ST06-015');
INSERT INTO catalog_card VALUES(774,'White Out',0.1100000000000000005,'',1,'ST06-016');
INSERT INTO catalog_card VALUES(775,'Navy HQ',0.6199999999999999956,'',1,'ST06-017');
INSERT INTO catalog_card VALUES(776,'Charlotte Linlin',0.2899999999999999801,'',1,'ST07-001');
INSERT INTO catalog_card VALUES(777,'Charlotte Anana',0.07000000000000000667,'',1,'ST07-002');
INSERT INTO catalog_card VALUES(778,'Charlotte Katakuri',1.600000000000000088,'',1,'ST07-003');
INSERT INTO catalog_card VALUES(779,'Charlotte Snack',0.07000000000000000667,'',1,'ST07-004');
INSERT INTO catalog_card VALUES(780,'Charlotte Daifuku',0.2700000000000000177,'',1,'ST07-005');
INSERT INTO catalog_card VALUES(781,'Charlotte Flampe',0.08000000000000000166,'',1,'ST07-006');
INSERT INTO catalog_card VALUES(782,'Charlotte Brulee',11.88000000000000078,'',1,'ST07-007');
INSERT INTO catalog_card VALUES(783,'Charlotte Pudding',0.2200000000000000011,'',1,'ST07-008');
INSERT INTO catalog_card VALUES(784,'Charlotte Mont D''Or',0.1100000000000000005,'',1,'ST07-009');
INSERT INTO catalog_card VALUES(785,'Charlotte Linlin',9.58999999999999986,'',1,'ST07-010');
INSERT INTO catalog_card VALUES(786,'Zeus',0.1300000000000000044,'',1,'ST07-011');
INSERT INTO catalog_card VALUES(787,'Baron Tamago',0.08000000000000000166,'',1,'ST07-012');
INSERT INTO catalog_card VALUES(788,'Prometheus',0.1199999999999999956,'',1,'ST07-013');
INSERT INTO catalog_card VALUES(789,'Pekoms',0.07000000000000000667,'',1,'ST07-014');
INSERT INTO catalog_card VALUES(790,'Soul Pocus',0.2300000000000000099,'',1,'ST07-015');
INSERT INTO catalog_card VALUES(791,'Power Mochi',0.1400000000000000134,'',1,'ST07-016');
INSERT INTO catalog_card VALUES(792,'Queen Mama Chanter',0.1100000000000000005,'',1,'ST07-017');
INSERT INTO catalog_card VALUES(793,'Monkey D. Luffy',1.810000000000000053,'',1,'ST08-001');
INSERT INTO catalog_card VALUES(794,'Uta',1.080000000000000072,'',1,'ST08-002');
INSERT INTO catalog_card VALUES(795,'Gaimon',0.05999999999999999778,'',1,'ST08-003');
INSERT INTO catalog_card VALUES(796,'Koby',0.4400000000000000022,'',1,'ST08-004');
INSERT INTO catalog_card VALUES(797,'Shanks',2.160000000000000143,'',1,'ST08-005');
INSERT INTO catalog_card VALUES(798,'Shirahoshi',0.3699999999999999956,'',1,'ST08-006');
INSERT INTO catalog_card VALUES(799,'Nefertari Vivi',0.2300000000000000099,'',1,'ST08-007');
INSERT INTO catalog_card VALUES(800,'Higuma',0.05000000000000000277,'',1,'ST08-008');
INSERT INTO catalog_card VALUES(801,'Makino',0.2000000000000000111,'',1,'ST08-009');
INSERT INTO catalog_card VALUES(802,'Monkey D Garp',0.08999999999999999667,'',1,'ST08-010');
INSERT INTO catalog_card VALUES(803,'Monkey D Luffy',0.08999999999999999667,'',1,'ST08-011');
INSERT INTO catalog_card VALUES(804,'Laboon',0.08000000000000000166,'',1,'ST08-012');
INSERT INTO catalog_card VALUES(805,'Mr. 2 Bon Clay (Bentham)',0.1000000000000000055,'',1,'ST08-013');
INSERT INTO catalog_card VALUES(806,'Gum-Gum Bell',0.1400000000000000134,'',1,'ST08-014');
INSERT INTO catalog_card VALUES(807,'Gum-Gum Pistol',0.3099999999999999978,'',1,'ST08-015');
INSERT INTO catalog_card VALUES(808,'Yamato',1.909999999999999921,'',1,'ST09-001');
INSERT INTO catalog_card VALUES(809,'Uzuki Tempura',0.1000000000000000055,'',1,'ST09-002');
INSERT INTO catalog_card VALUES(810,'Ulti',0.1100000000000000005,'',1,'ST09-003');
INSERT INTO catalog_card VALUES(811,'Kaido',0.08999999999999999667,'',1,'ST09-004');
INSERT INTO catalog_card VALUES(812,'Kozuki Oden',1.340000000000000079,'',1,'ST09-005');
INSERT INTO catalog_card VALUES(813,'Kozuki Momonosuke',0.08000000000000000166,'',1,'ST09-006');
INSERT INTO catalog_card VALUES(814,'Shinobu',0.08999999999999999667,'',1,'ST09-007');
INSERT INTO catalog_card VALUES(815,'Shimotsuki Ushimaru',0.1000000000000000055,'',1,'ST09-008');
INSERT INTO catalog_card VALUES(816,'Fuugetsu Omusubi',0.08000000000000000166,'',1,'ST09-009');
INSERT INTO catalog_card VALUES(817,'Portgas D. Ace',0.7299999999999999823,'',1,'ST09-010');
INSERT INTO catalog_card VALUES(818,'Monkey D Luffy',0.1000000000000000055,'',1,'ST09-011');
INSERT INTO catalog_card VALUES(819,'Yamato',0.1900000000000000022,'',1,'ST09-012');
INSERT INTO catalog_card VALUES(820,'Yamato',0.1000000000000000055,'',1,'ST09-013');
INSERT INTO catalog_card VALUES(821,'Narikabura Arrow',3.620000000000000106,'',1,'ST09-014');
INSERT INTO catalog_card VALUES(822,'Thunder Bagua',0.2200000000000000011,'',1,'ST09-015');
INSERT INTO catalog_card VALUES(823,'Trafalgar Law',0.7800000000000000266,'',1,'ST10-001');
INSERT INTO catalog_card VALUES(824,'Monkey D Luffy',1.169999999999999929,'',1,'ST10-002');
INSERT INTO catalog_card VALUES(825,'Eustass"Captain"Kid',0.4299999999999999934,'',1,'ST10-003');
INSERT INTO catalog_card VALUES(826,'Sanji',0.1400000000000000134,'',1,'ST10-004');
INSERT INTO catalog_card VALUES(827,'Jinbe',0.9000000000000000222,'',1,'ST10-005');
INSERT INTO catalog_card VALUES(828,'Monkey.D.Luffy',1.189999999999999947,'',1,'ST10-006');
INSERT INTO catalog_card VALUES(829,'Killer',0.1900000000000000022,'',1,'ST10-007');
INSERT INTO catalog_card VALUES(830,'Shachi & Penguin',0.1100000000000000005,'',1,'ST10-008');
INSERT INTO catalog_card VALUES(831,'Jean Bart',0.08999999999999999667,'',1,'ST10-009');
INSERT INTO catalog_card VALUES(832,'Trafalgar Law',6.75,'',1,'ST10-010');
INSERT INTO catalog_card VALUES(833,'Heat',0.1199999999999999956,'',1,'ST10-011');
INSERT INTO catalog_card VALUES(834,'Bepo',0.1100000000000000005,'',1,'ST10-012');
INSERT INTO catalog_card VALUES(835,'Eustass"Captain"Kid',4.13999999999999968,'',1,'ST10-013');
INSERT INTO catalog_card VALUES(836,'Wire',0.1000000000000000055,'',1,'ST10-014');
INSERT INTO catalog_card VALUES(837,'Gum-Gum Giant Sumo Slap',0.1600000000000000033,'',1,'ST10-015');
INSERT INTO catalog_card VALUES(838,'Gum-Gum Kong Gatling',0.1300000000000000044,'',1,'ST10-016');
INSERT INTO catalog_card VALUES(839,'Punk Vise',0.1300000000000000044,'',1,'ST10-017');
INSERT INTO catalog_card VALUES(840,'Uta',0,'',1,'ST11-001');
INSERT INTO catalog_card VALUES(841,'Uta',0,'',1,'ST11-002');
INSERT INTO catalog_card VALUES(842,'Backlight',0,'',1,'ST11-003');
INSERT INTO catalog_card VALUES(843,'New Genesis',0,'',1,'ST11-004');
INSERT INTO catalog_card VALUES(844,'I''m Invincible',0,'',1,'ST11-005');
INSERT INTO catalog_card VALUES(845,'Roronoa Zoro & Sanji',0,'',1,'ST12-001');
INSERT INTO catalog_card VALUES(846,'Kuina',0,'',1,'ST12-002');
INSERT INTO catalog_card VALUES(847,'Dracule Mihawk',0,'',1,'ST12-003');
INSERT INTO catalog_card VALUES(848,'Humandrill',0,'',1,'ST12-004');
INSERT INTO catalog_card VALUES(849,'Perona',0,'',1,'ST12-005');
INSERT INTO catalog_card VALUES(850,'Yosaku & Johnny',0,'',1,'ST12-006');
INSERT INTO catalog_card VALUES(851,'Rika',0,'',1,'ST12-007');
INSERT INTO catalog_card VALUES(852,'Roronoa Zoro',0,'',1,'ST12-008');
INSERT INTO catalog_card VALUES(853,'Elephant True Bluefin',0,'',1,'ST12-009');
INSERT INTO catalog_card VALUES(854,'Emporio Ivankov',0,'',1,'ST12-010');
INSERT INTO catalog_card VALUES(855,'Sanji',0,'',1,'ST12-011');
INSERT INTO catalog_card VALUES(856,'Charlotte Pudding',0,'',1,'ST12-012');
INSERT INTO catalog_card VALUES(857,'Zeff',0,'',1,'ST12-013');
INSERT INTO catalog_card VALUES(858,'Duval',0,'',1,'ST12-014');
INSERT INTO catalog_card VALUES(859,'Patty & Carne',0,'',1,'ST12-015');
INSERT INTO catalog_card VALUES(860,'Lion Strike',0,'',1,'ST12-016');
INSERT INTO catalog_card VALUES(861,'Plastic Surgery Shot',0,'',1,'ST12-017');
INSERT INTO catalog_card VALUES(862,'Your Turn +1000',0,'',1,'DON-don');
INSERT INTO catalog_card VALUES(863,'Your Turn +1000',0,'',1,'DON-gold');
INSERT INTO catalog_card VALUES(864,'Your Turn +1000',0,'',1,'DON-Luffy');
COMMIT;
CREATE UNIQUE INDEX "auth_group_permissions_group_id_permission_id_0cd325b0_uniq" ON "auth_group_permissions" ("group_id", "permission_id");
CREATE INDEX "auth_group_permissions_group_id_b120cbf9" ON "auth_group_permissions" ("group_id");
CREATE INDEX "auth_group_permissions_permission_id_84c5c92e" ON "auth_group_permissions" ("permission_id");
CREATE UNIQUE INDEX "auth_user_groups_user_id_group_id_94350c0c_uniq" ON "auth_user_groups" ("user_id", "group_id");
CREATE INDEX "auth_user_groups_user_id_6a12ed8b" ON "auth_user_groups" ("user_id");
CREATE INDEX "auth_user_groups_group_id_97559544" ON "auth_user_groups" ("group_id");
CREATE UNIQUE INDEX "auth_user_user_permissions_user_id_permission_id_14a6b632_uniq" ON "auth_user_user_permissions" ("user_id", "permission_id");
CREATE INDEX "auth_user_user_permissions_user_id_a95ead1b" ON "auth_user_user_permissions" ("user_id");
CREATE INDEX "auth_user_user_permissions_permission_id_1fbb5f2c" ON "auth_user_user_permissions" ("permission_id");
CREATE INDEX "django_admin_log_content_type_id_c4bce8eb" ON "django_admin_log" ("content_type_id");
CREATE INDEX "django_admin_log_user_id_c564eba6" ON "django_admin_log" ("user_id");
CREATE UNIQUE INDEX "django_content_type_app_label_model_76bd3d3b_uniq" ON "django_content_type" ("app_label", "model");
CREATE UNIQUE INDEX "auth_permission_content_type_id_codename_01ab375a_uniq" ON "auth_permission" ("content_type_id", "codename");
CREATE INDEX "auth_permission_content_type_id_2f476e4b" ON "auth_permission" ("content_type_id");
CREATE INDEX "catalog_producto_idioma_id_80d177ce" ON "catalog_producto" ("idioma_id");
CREATE INDEX "catalog_producto_image_id_44a9a78b" ON "catalog_producto" ("image_id");
CREATE INDEX "catalog_producto_moneda_id_2ab1004e" ON "catalog_producto" ("moneda_id");
CREATE INDEX "catalog_producto_type_id_2adbb93f" ON "catalog_producto" ("type_id");
CREATE INDEX "django_session_expire_date_a5c62663" ON "django_session" ("expire_date");
CREATE INDEX "catalog_card_moneda_id_15018503" ON "catalog_card" ("moneda_id");
COMMIT;
